682545,9317
682595,9315
682646,9296
682695,9304
682745,9317
682795,9310
682845,9316
682895,9307
682945,9287
682995,9308
683045,9272
683095,9294
683145,9288
683195,9285
683245,9307
683295,9286
683345,9286
683395,9312
683445,9320
683495,9318
683545,9324
683595,9297
683645,9320
683695,9311
683745,9271
683795,9128
683845,8773
683895,8762
683945,8695
683995,8676
684045,8596
684095,8493
684145,8427
684195,8421
684245,8617
684295,8902
684345,9059
684395,9185
684445,9234
684495,9274
684545,9304
684595,9313
684645,9367
684695,9387
684745,9387
684795,9440
684845,9558
684895,9736
684945,10051
684995,10246
685045,10329
685095,10349
685145,10389
685195,10465
685245,10486
685295,10544
685345,10545
685395,10577
685445,10618
685495,10585
685545,10629
685595,10595
685645,10623
685695,10633
685745,10632
685795,10654
685845,10625
685895,10662
685945,10664
685995,10654
686045,10666
686095,10631
686145,10631
686195,10649
686245,10620
686295,10613
686345,10620
686395,10579
686445,10599
686495,10582
686545,10582
686595,10579
686645,10544
686695,10567
686745,10531
686795,10499
686845,10457
686895,10403
686945,10395
686996,10308
687046,10260
687095,10243
687146,10260
687195,10320
687245,10301
687295,10289
687345,10288
687395,10268
687445,10257
687495,10001
687545,10229
687595,10215
687646,10184
687695,10160
687745,10161
687795,10128
687845,10147
687895,10173
687945,10199
687995,10265
688045,10272
688095,10307
688145,10270
688195,10272
688245,10305
688295,10290
688345,10302
688395,10307
688445,10298
688495,10299
688545,10279
688595,10292
688645,10271
688695,10266
688745,10262
688795,10259
688845,10271
688895,10271
688945,10252
688995,10266
689045,10276
689095,10275
689145,10283
689195,10278
689245,10285
689295,10289
689345,10289
689395,10304
689445,10293
689495,10282
689545,10270
689595,10247
689645,10250
689695,10220
689745,10235
689795,10224
689845,10219
689895,10220
689945,10203
689995,10222
690045,10218
690095,10232
690145,10252
690195,10231
690245,10238
690295,10238
690345,10230
690395,10232
690445,10215
690495,10204
690545,10216
690595,10198
690645,10204
690695,10216
690745,10189
690795,10207
690845,10194
690895,10201
690945,10190
690995,10161
691045,10155
691095,10140
691145,10147
691195,10123
691245,10109
691295,10093
691345,10097
691395,10106
691445,10086
691495,10077
691545,10078
691595,10065
691645,10078
691695,10078
691745,10060
691795,10058
691845,10023
691895,10003
691945,10012
691995,9998
692045,9953
692096,9944
692145,9931
692195,9970
692245,9957
692295,9949
692345,9951
692395,9944
692445,9951
692495,9940
692545,9928
692595,9915
692646,9861
692695,9897
692745,9879
692795,9884
692845,9884
692895,9884
692945,9886
692995,9861
693045,9877
693095,9877
693145,9875
693195,9875
693245,9877
693295,9854
693345,9847
693395,9830
693445,9834
693495,9823
693545,9814
693595,9818
693645,9805
693695,9818
693745,9824
693795,9825
693845,9831
693895,9831
693945,9861
693995,9869
694045,9871
694095,9881
694145,9878
694195,9911
694245,9909
694295,9911
694345,9910
694395,9895
694445,9905
694495,9905
694545,9888
694595,9897
694645,9887
694695,9875
694745,9879
694795,9869
694845,9870
694895,9871
694945,9853
694995,9867
695045,9850
695095,9846
695145,9844
695195,9837
695245,9861
695295,9970
695345,10338
695395,10637
695445,10737
695495,10763
695545,10764
695595,10792
695645,10771
695695,10797
695745,10812
695795,10852
695845,10924
695895,10924
695945,10919
695995,10933
696045,10940
696095,10935
696145,10952
696195,10903
696245,10871
696295,10847
696345,10805
696395,10795
696445,10775
696495,10758
696545,10726
696595,10705
696645,10684
696695,10669
696745,10686
696795,10695
696845,10703
696895,10723
696945,10700
696996,10695
697045,10656
697096,10649
697145,10670
697195,10721
697245,10721
697295,10747
697345,10754
697395,10773
697445,10779
697495,10757
697545,10769
697595,10762
697646,10773
697695,10758
697745,10748
697795,10763
697845,10773
697895,10819
697945,10816
697995,10814
698045,10823
698095,10816
698145,10828
698195,10832
698245,10824
698295,10827
698345,10805
698395,10829
698445,10807
698495,10791
698545,10781
698595,10768
698645,10768
698695,10767
698745,10743
698795,10720
698845,10700
698895,10681
698945,10679
698995,10672
699045,10672
699095,10654
699145,10665
699195,10677
699245,10675
699295,10671
699345,10663
699395,10659
699445,10658
699495,10649
699545,10662
699595,10650
699645,10676
699695,10678
699745,10677
699795,10675
699845,10663
699895,10693
699945,10688
699995,10677
700045,10677
700095,10691
700145,10708
700195,10716
700245,10689
700295,10649
700345,10619
700395,10589
700445,10608
700495,10597
700545,10608
700595,10614
700645,10615
700695,10661
700745,10661
700795,10681
700845,10685
700895,10689
700945,10711
700995,10718
701045,10712
701095,10706
701145,10685
701195,10690
701245,10681
701295,10688
701345,10678
701395,10659
701445,10659
701495,10684
701545,10670
701595,10698
701645,10695
701695,10699
701745,10694
701795,10693
701845,10703
701895,10696
701945,10681
701995,10662
702045,10593
702096,10598
702146,10574
702195,10637
702245,10659
702295,10656
702345,10673
702395,10655
702445,10664
702495,10663
702545,10656
702595,10678
702646,10613
702695,10668
702745,10667
702795,10627
702845,10627
702895,10590
702945,10529
702995,10544
703045,10528
703095,10543
703145,10551
703195,10552
703245,10594
703295,10595
703345,10612
703395,10631
703445,10625
703495,10647
703545,10655
703595,10662
703645,10646
703695,10624
703745,10629
703795,10616
703845,10623
703895,10613
703945,10602
703995,10612
704045,10628
704095,10647
704145,10642
704195,10629
704245,10629
704295,10644
704345,10651
704395,10658
704445,10646
704495,10621
704545,10609
704595,10588
704645,10598
704695,10578
704745,10572
704795,10593
704845,10580
704895,10600
704945,10602
704995,10610
705045,10603
705095,10612
705145,10631
705195,10622
705245,10628
705295,10604
705345,10584
705395,10595
705445,10594
705495,10618
705545,10586
705595,10586
705645,10586
705695,10611
705745,10627
705795,10654
705845,10660
705895,10678
705945,10684
705995,10694
706045,10703
706095,10671
706145,10659
706195,10659
706245,10654
706295,10665
706345,10657
706395,10651
706445,10631
706495,10591
706545,10573
706595,10560
706645,10585
706695,10579
706745,10594
706795,10596
706845,10579
706895,10602
706945,10590
706996,10575
707046,10575
707096,10545
707146,10545
707195,10561
707245,10616
707295,10644
707345,10641
707395,10646
707445,10653
707495,10646
707545,10647
707595,10632
707646,10591
707695,10600
707745,10581
707795,10601
707845,10589
707895,10579
707945,10587
707995,10580
708045,10609
708095,10608
708145,10611
708195,10612
708245,10621
708295,10634
708345,10635
708395,10625
708445,10625
708495,10600
708545,10593
708595,10586
708645,10573
708695,10561
708745,10566
708795,10545
708845,10563
708895,10547
708945,10555
708995,10555
709045,10554
709095,10565
709145,10553
709195,10570
709245,10560
709295,10566
709345,10580
709395,10567
709445,10552
709495,10520
709545,10492
709595,10490
709645,10480
709695,10493
709745,10463
709795,10463
709845,10468
709895,10479
709945,10466
709995,10482
710045,10459
710095,10478
710145,10472
710195,10468
710245,10484
710295,10457
710345,10486
710395,10480
710445,10491
710495,10482
710545,10459
710595,10468
710645,10472
710695,10499
710745,10514
710795,10511
710845,10519
710895,10518
710945,10543
710995,10556
711045,10555
711095,10571
711145,10571
711195,10571
711245,10588
711295,10583
711345,10565
711395,10545
711445,10529
711495,10551
711545,10536
711595,10545
711645,10550
711695,10545
711745,10586
711795,10597
711845,10610
711895,10615
711945,10615
711996,10650
712046,10583
712096,10608
712146,10614
712195,10653
712245,10696
712295,10693
712345,10703
712395,10682
712445,10671
712495,10691
712545,10684
712595,10684
712646,10698
712695,10673
712745,10685
712795,10702
712845,10676
712895,10675
712945,10668
712995,10683
713045,10715
713095,10730
713145,10756
713195,10754
713245,10767
713295,10763
713345,10750
713395,10767
713445,10748
713495,10762
713545,10767
713595,10761
713645,10776
713695,10766
713745,10798
713795,10787
713845,10795
713895,10805
713945,10793
713995,10793
714045,10814
714095,10818
714145,10827
714195,10801
714245,10780
714295,10784
714345,10774
714395,10773
714445,10770
714495,10754
714545,10758
714595,10761
714645,10768
714695,10766
714745,10759
714795,10771
714845,10775
714895,10787
714945,10794
714995,10788
715045,10794
715095,10783
715145,10782
715195,10763
715245,10752
715295,10753
715345,10760
715395,10760
715445,10771
715495,10766
715545,10769
715595,10769
715645,10783
715695,10793
715745,10793
715795,10810
715845,10805
715895,10803
715945,10832
715995,10805
716045,10807
716095,10798
716145,10778
716195,10785
716245,10786
716295,10803
716345,10792
716395,10788
716445,10816
716495,10813
716545,10844
716595,10830
716645,10845
716695,10863
716745,10862
716795,10862
716845,10890
716895,10868
716945,10859
716995,10842
717046,10822
717095,10792
717146,10785
717195,10788
717245,10828
717295,10835
717345,10838
717395,10842
717445,10856
717495,10852
717545,10859
717595,10875
717646,10842
717695,10890
717745,10892
717795,10883
717845,10879
717895,10835
717945,10844
717995,10842
718045,10844
718095,10831
718145,10811
718195,10811
718245,10827
718295,10835
718345,10842
718395,10844
718445,10835
718495,10857
718545,10859
718595,10877
718645,10868
718695,10847
718745,10847
718795,10822
718845,10820
718895,10796
718945,10799
718995,10797
719045,10788
719095,10793
719145,10783
719195,10798
719245,10801
719295,10797
719345,10798
719395,10795
719445,10812
719495,10818
719545,10817
719595,10817
719645,10803
719695,10770
719745,10769
719795,10756
719845,10746
719895,10743
719945,10736
719995,10744
720045,10733
720095,10746
720145,10746
720195,10739
720245,10760
720295,10761
720345,10761
720395,10767
720445,10764
720495,10778
720545,10772
720595,10764
720645,10742
720695,10730
720745,10731
720795,10725
720845,10729
720895,10721
720945,10720
720995,10720
721045,10722
721095,10723
721145,10738
721195,10728
721245,10740
721295,10752
721345,10748
721395,10751
721445,10751
721495,10753
721545,10743
721595,10734
721645,10725
721695,10690
721745,10681
721795,10667
721845,10652
721895,10660
721945,10664
721995,10685
722046,10629
722095,10630
722146,10650
722195,10673
722245,10708
722295,10718
722345,10730
722395,10730
722445,10744
722495,10711
722545,10723
722595,10714
722646,10713
722695,10714
722745,10697
722795,10705
722845,10705
722895,10718
722945,10722
722995,10727
723045,10741
723095,10741
723145,10756
723195,10752
723245,10749
723295,10745
723345,10721
723395,10708
723445,10679
723495,10649
723545,10636
723595,10616
723645,10632
723695,10603
723745,10606
723795,10606
723845,10612
723895,10609
723945,10617
723995,10607
724045,10611
724095,10622
724145,10628
724195,10646
724245,10621
724295,10648
724345,10642
724395,10644
724445,10661
724495,10656
724545,10683
724595,10696
724645,10691
724695,10702
724745,10706
724795,10732
724845,10738
724895,10733
724945,10731
724995,10714
725045,10727
725095,10720
725145,10720
725195,10714
725245,10713
725295,10708
725345,10726
725395,10729
725445,10751
725495,10764
725545,10768
725595,10783
725645,10780
725695,10782
725745,10767
725795,10759
725845,10782
725895,10765
725945,10790
725995,10788
726045,10800
726095,10826
726145,10826
726195,10850
726245,10809
726295,10812
726345,10844
726395,10856
726445,10875
726495,10899
726545,10899
726595,10891
726645,10892
726695,10875
726745,10878
726795,10851
726845,10854
726895,10859
726945,10838
726995,10867
727046,10852
727095,10824
727146,10836
727195,10826
727245,10903
727295,10899
727345,10912
727395,10893
727445,10886
727495,10889
727545,10897
727595,10945
727646,10925
727695,11004
727745,10995
727795,10969
727845,10969
727895,10952
727945,10952
727995,10970
728045,10978
728095,10972
728145,10981
728195,10975
728245,10994
728295,10972
728345,10955
728395,10946
728445,10922
728495,10927
728545,10916
728595,10909
728645,10907
728695,10904
728745,10921
728795,10920
728845,10922
728895,10921
728945,10923
728995,10948
729045,10949
729095,10966
729145,10968
729195,10930
729245,10939
729295,10923
729345,10923
729395,10930
729445,10924
729495,10894
729545,10925
729595,10902
729645,10932
729695,10922
729745,10908
729795,10939
729845,10924
729895,10959
729945,10937
729995,10934
730045,10955
730095,10906
730145,10899
730195,10853
730245,10829
730295,10768
730345,10738
730395,10889
730445,10908
730495,10949
730545,10927
730595,10903
730645,10906
730695,10874
730745,10874
730795,10877
730845,10883
730895,10866
730945,10863
730995,10813
731045,10781
731095,10762
731145,10758
731195,10742
731245,10707
731295,10676
731345,10540
731395,10515
731445,10498
731495,10467
731545,10500
731595,10525
731645,10580
731695,10542
731745,10509
731795,10619
731845,10594
731895,10621
731945,10616
731995,10596
732046,10580
732096,10566
732147,10566
732196,10640
732245,10668
732295,10648
732345,10682
732395,10700
732445,10724
732495,10729
732545,10738
732595,10765
732646,10731
732695,10744
732745,10666
732795,10590
732845,10547
732895,10552
732945,10627
732995,10613
733045,10617
733095,10666
733145,10671
733195,10695
733245,10691
733295,10707
733345,10704
733395,10718
733445,10730
733495,10719
733545,10719
733595,10716
733645,10714
733695,10704
733745,10710
733795,10701
733845,10706
733895,10703
733945,10689
733995,10709
734045,10696
734095,10706
734145,10681
734195,10689
734245,10718
734295,10715
734345,10718
734395,10703
734445,10702
734495,10717
734545,10716
734595,10725
734645,10715
734695,10709
734745,10721
734795,10688
734845,10688
734895,10670
734945,10670
734995,10687
735045,10693
735095,10704
735145,10716
735195,10714
735245,10721
735295,10728
735345,10706
735395,10703
735445,10700
735495,10765
735545,10742
735595,10697
735645,10688
735695,10701
735745,10735
735795,10732
735845,10717
735895,10716
735945,10704
735995,10730
736045,10720
736095,10704
736145,10703
736195,10691
736245,10699
736295,10675
736345,10675
736395,10670
736445,10672
736495,10648
736545,10663
736595,10650
736645,10658
736695,10646
736745,10655
736795,10670
736845,10652
736895,10782
736945,11113
736995,11078
737045,11120
737096,11280
737146,11380
737195,11320
737245,11287
737295,11271
737345,11339
737395,11439
737445,11435
737495,11404
737545,11407
737595,11368
737646,11301
737695,11310
737745,11310
737795,11283
737845,11272
737895,11261
737945,11264
737995,11191
738045,11156
738095,11151
738145,11130
738195,11129
738245,11085
738295,11060
738345,11040
738395,10999
738445,10895
738495,10829
738545,10805
738595,10814
738645,10832
738695,10881
738745,10871
738795,10868
738845,10857
738895,10812
738945,10810
738995,10809
739045,10818
739095,10811
739145,10811
739195,10861
739245,10890
739295,10836
739345,10803
739395,10787
739445,10782
739495,10684
739545,10689
739595,10859
739645,10868
739695,10996
739745,11021
739795,10994
739845,11018
739895,11000
739945,11030
739995,11036
740045,11031
740095,11047
740145,11026
740195,11047
740245,11035
740295,11028
740345,11033
740395,11013
740445,11039
740495,11057
740545,11057
740595,11055
740645,11043
740695,11027
740745,11023
740795,10985
740845,10975
740895,10957
740945,10898
740995,10915
741045,10922
741095,10904
741145,10780
741195,10757
741245,10860
741295,10850
741345,10835
741395,10855
741445,10878
741495,10920
741545,10929
741595,10951
741645,10933
741695,10919
741745,10934
741795,10913
741845,10927
741895,10904
741945,10904
741995,10902
742046,10923
742096,10880
742145,10880
742196,10862
742245,10844
742295,10888
742345,10854
742395,10864
742445,10853
742495,10843
742545,10857
742595,10835
742646,10835
742695,10840
742745,10842
742795,10839
742845,10830
742895,10844
742945,10829
742995,10813
743045,10801
743095,10784
743145,10793
743195,10770
743245,10747
743295,10732
743345,10732
743395,10723
743445,10744
743495,10734
743545,10760
743595,10747
743645,10758
743695,10778
743745,10787
743795,10815
743845,10792
743895,10782
743945,10781
743995,10764
744045,10767
744095,10745
744145,10759
744195,10760
744245,10756
744295,10779
744345,10759
744395,10765
744445,10779
744495,10774
744545,10794
744595,10776
744645,10787
744695,10776
744745,10776
744795,10767
744845,10774
744895,10755
744945,10759
744995,10772
745045,10761
745095,10778
745145,10761
745195,10774
745245,10789
745295,10744
745345,10722
745395,10655
745445,10624
745495,10586
745545,10527
745595,10492
745645,10434
745695,10447
745745,10424
745795,10409
745845,10391
745895,10388
745945,10409
745995,10397
746045,10388
746095,10401
746145,10401
746195,10413
746245,10428
746295,10411
746345,10414
746395,10417
746445,10416
746495,10434
746545,10407
746595,10400
746645,10388
746695,10375
746745,10375
746795,10340
746845,10355
746895,10357
746945,10352
746995,10345
747046,10321
747096,10279
747146,10255
747196,10230
747245,10281
747295,10279
747345,10310
747395,10338
747445,10367
747495,10402
747545,10402
747595,10420
747646,10464
747695,10474
747745,10494
747795,10505
747845,10502
747895,10533
747945,10534
747995,10559
748045,10573
748095,10572
748145,10601
748195,10607
748245,10626
748295,10642
748345,10638
748395,10644
748445,10633
748495,10641
748545,10625
748595,10626
748645,10656
748695,10652
748745,10673
748795,10672
748845,10667
748895,10672
748945,10672
748995,10661
749045,10658
749095,10632
749145,10607
749195,10599
749245,10586
749295,10596
749345,10586
749395,10623
749445,10649
749495,10665
749545,10678
749595,10664
749645,10660
749695,10658
749745,10654
749795,10654
749845,10627
749895,10636
749945,10629
749995,10615
750045,10619
750095,10605
750145,10613
750195,10612
750245,10627
750295,10627
750345,10620
750395,10616
750445,10654
750495,10651
750545,10664
750595,10679
750645,10647
750695,10637
750745,10629
750795,10614
750845,10605
750895,10620
750945,10639
750995,10636
751045,10634
751095,10641
751145,10638
751195,10664
751245,10656
751295,10657
751345,10659
751395,10645
751445,10629
751495,10611
751545,10608
751595,10604
751645,10612
751695,10612
751745,10616
751795,10605
751845,10624
751895,10622
751945,10614
751995,10631
752045,10619
752096,10627
752146,10562
752196,10543
752245,10520
752295,10532
752345,10512
752395,10471
752445,10481
752495,10501
752545,10495
752595,10515
752646,10459
752695,10501
752745,10511
752795,10510
752845,10521
752895,10510
752945,10508
752995,10498
753045,10478
753095,10478
753145,10481
753195,10455
753245,10463
753295,10455
753345,10451
753395,10455
753445,10439
753495,10432
753545,10416
753595,10413
753645,10427
753695,10410
753745,10421
753795,10413
753845,10412
753895,10418
753945,10413
753995,10428
754045,10440
754095,10450
754145,10458
754195,10465
754245,10501
754295,10518
754345,10542
754395,10554
754445,10542
754495,10542
754545,10553
754595,10559
754645,10573
754695,10589
754745,10587
754795,10610
754845,10612
754895,10634
754945,10639
754995,10634
755045,10654
755095,10659
755145,10673
755195,10652
755245,10641
755295,10634
755345,10639
755395,10648
755445,10647
755495,10644
755545,10652
755595,10655
755645,10678
755695,10671
755745,10679
755795,10693
755845,10677
755895,10677
755945,10684
755995,10664
756045,10667
756095,10666
756145,10659
756195,10679
756245,10674
756295,10679
756345,10689
756395,10688
756445,10703
756495,10710
756545,10715
756595,10711
756645,10700
756695,10708
756745,10703
756795,10712
756845,10721
756895,10728
756945,10740
756995,10742
757045,10761
757096,10707
757146,10725
757195,10740
757245,10767
757295,10767
757345,10791
757395,10775
757445,10781
757495,10802
757545,10815
757595,10825
757646,10837
757695,10854
757745,10873
757795,10884
757845,10904
757895,10906
757945,10926
757995,10930
758045,10904
758095,10907
758145,10890
758195,10875
758245,10871
758295,10878
758345,10893
758395,10887
758445,10901
758495,10894
758545,10909
758595,10930
758645,10934
758695,10934
758745,10952
758795,10954
758845,10964
758895,10951
758945,10936
758995,10924
759045,10908
759095,10923
759145,10914
759195,10913
759245,10931
759295,10908
759345,10925
759395,10942
759445,10949
759495,10962
759545,10948
759595,10966
759645,10989
759695,10988
759745,10975
759795,10938
759845,10944
759895,10936
759945,10938
759995,10941
760045,10921
760095,10921
760145,10936
760195,10942
760245,10949
760295,10958
760345,10952
760395,10968
760445,10975
760495,10988
760545,10997
760595,10993
760645,10991
760695,10978
760745,10970
760795,10971
760845,10960
760895,10970
760945,10961
760995,10978
761045,10981
761095,10969
761145,10987
761195,10998
761245,11011
761295,11023
761345,11012
761395,11024
761445,11027
761495,11027
761545,11010
761595,10993
761645,10985
761695,10979
761745,10987
761795,11002
761845,10992
761895,10988
761945,11001
761995,11004
762045,11021
762095,11028
762146,10983
762196,10976
762246,10997
762295,11063
762345,11054
762395,11032
762445,11017
762495,11004
762545,11015
762595,10999
762646,10967
762695,10991
762745,11006
762795,11008
762845,11004
762895,11004
762945,11010
762995,11008
763045,11014
763095,11026
763145,11025
763195,11024
763245,11008
763295,10991
763345,10997
763395,10976
763445,10968
763495,10964
763545,10971
763595,10973
763645,10954
763695,10961
763745,10974
763795,10976
763845,10974
763895,10969
763945,10987
763995,10990
764045,11003
764095,10992
764145,10966
764195,10965
764245,10974
764295,10974
764345,10979
764395,10979
764445,10960
764495,10966
764545,10964
764595,10985
764645,10976
764695,10973
764745,10983
764795,10982
764845,10992
764895,10976
764945,10959
764995,10967
765045,10946
765095,10951
765145,10944
765195,10942
765245,10958
765295,10955
765345,10964
765395,10953
765445,10965
765495,10975
765545,10971
765595,10971
765645,10947
765695,10947
765745,10946
765795,10938
765845,10931
765895,10952
765945,10928
765995,10935
766045,10952
766095,10945
766145,10958
766195,10935
766245,10953
766295,10967
766345,10974
766395,10984
766445,10951
766495,10949
766545,10941
766595,10953
766645,10965
766695,10969
766745,11003
766795,11020
766845,11077
766895,11115
766945,11134
766995,11153
767045,11123
767097,11123
767146,11097
767196,11065
767246,11035
767295,11037
767345,11039
767395,11051
767445,11047
767495,11040
767545,11034
767595,11018
767646,11012
767695,11021
767745,11018
767795,11033
767845,11019
767895,11029
767945,11016
767995,10992
768045,10972
768095,10940
768145,10948
768195,10935
768245,10947
768295,10944
768345,10921
768395,10947
768445,10951
768495,10951
768545,10962
768595,10966
768645,10961
768695,10975
768745,10974
768795,10994
768845,11001
768895,10979
768945,10955
768995,10932
769045,10929
769095,10923
769145,10909
769195,10925
769245,10911
769295,10919
769345,10921
769395,10921
769445,10944
769495,10918
769545,10935
769595,10947
769645,10953
769695,10959
769745,10929
769795,10911
769845,10901
769895,10901
769945,10896
769995,10892
770045,10883
770095,10888
770145,10882
770195,10893
770245,10892
770295,10876
770345,10893
770395,10888
770445,10908
770495,10917
770545,10911
770595,10917
770645,10886
770695,10885
770745,10868
770795,10840
770845,10840
770895,10828
770945,10831
770995,10827
771045,10812
771095,10818
771145,10808
771195,10832
771245,10826
771295,10826
771345,10823
771395,10827
771445,10828
771495,10839
771545,10813
771595,10799
771645,10789
771695,10779
771745,10781
771795,10759
771845,10752
771895,10753
771945,10745
771995,10752
772045,10737
772096,10749
772146,10698
772195,10692
772246,10707
772295,10750
772345,10757
772395,10755
772445,10736
772495,10731
772545,10700
772595,10705
772646,10680
772695,10680
772745,10692
772795,10684
772845,10672
772895,10683
772945,10665
772995,10672
773045,10675
773095,10667
773145,10672
773195,10667
773245,10677
773295,10672
773345,10663
773395,10645
773445,10618
773495,10622
773545,10616
773595,10610
773645,10598
773695,10575
773745,10594
773795,10597
773845,10588
773895,10589
773945,10582
773995,10594
774045,10599
774095,10599
774145,10597
774195,10597
774245,10584
774295,10592
774345,10577
774395,10569
774445,10564
774495,10564
774545,10581
774595,10563
774645,10564
774695,10567
774745,10574
774795,10595
774845,10597
774895,10593
774945,10593
774995,10605
775045,10610
775095,10585
775145,10565
775195,10567
775245,10560
775295,10568
775345,10544
775395,10554
775445,10554
775495,10568
775545,10556
775595,10576
775645,10560
775695,10582
775745,10622
775795,10649
775845,10667
775895,10645
775945,10669
775995,10654
776045,10642
776095,10642
776145,10622
776195,10630
776245,10628
776295,10633
776345,10636
776395,10628
776445,10649
776495,10652
776545,10636
776595,10630
776645,10610
776695,10616
776745,10620
776795,10631
776845,10631
776895,10627
776945,10610
776995,10624
777045,10624
777096,10643
777146,10633
777196,10594
777247,10604
777295,10585
777345,10634
777395,10633
777445,10618
777495,10633
777545,10619
777595,10628
777646,10592
777695,10628
777745,10641
777795,10632
777845,10644
777895,10646
777945,10663
777995,10670
778045,10637
778095,10627
778145,10612
778195,10619
778245,10619
778295,10617
778345,10602
778395,10603
778445,10590
778495,10601
778545,10602
778595,10607
778645,10608
778695,10607
778745,10622
778795,10639
778845,10627
778895,10628
778945,10611
778995,10615
779045,10593
779095,10568
779145,10581
779195,10577
779245,10586
779295,10570
779345,10555
779395,10553
779445,10560
779495,10575
779545,10588
779595,10593
779645,10593
779695,10611
779745,10638
779795,10661
779845,10667
779895,10667
779945,10666
779995,10653
780045,10673
780095,10673
780145,10678
780195,10691
780245,10695
780295,10713
780345,10711
780395,10723
780445,10736
780495,10739
780545,10766
780595,10767
780645,10781
780695,10788
780745,10798
780795,10819
780845,10789
780895,10811
780945,10785
780995,10786
781045,10786
781095,10813
781145,10792
781195,10790
781245,10761
781295,10748
781345,10749
781395,10744
781445,10746
781495,10740
781545,10746
781595,10754
781645,10752
781695,10763
781745,10752
781795,10745
781845,10734
781895,10714
781945,10705
781995,10685
782045,10682
782095,10681
782145,10604
782196,10604
782246,10605
782295,10652
782345,10671
782395,10663
782445,10663
782495,10678
782545,10667
782595,10690
782646,10687
782695,10686
782745,10683
782795,10657
782845,10652
782895,10633
782945,10626
782995,10630
783045,10602
783095,10612
783145,10616
783195,10618
783245,10622
783295,10613
783345,10620
783395,10618
783445,10625
783495,10641
783545,10631
783595,10639
783645,10643
783695,10643
783745,10626
783795,10584
783845,10584
783895,10592
783945,10584
783995,10584
784045,10578
784095,10571
784145,10581
784195,10577
784245,10598
784295,10596
784345,10606
784395,10613
784445,10621
784495,10648
784545,10652
784595,10658
784645,10672
784695,10674
784745,10680
784795,10679
784845,10671
784895,10687
784945,10694
784995,10704
785045,10711
785095,10719
785145,10735
785195,10742
785245,10742
785295,10762
785345,10768
785395,10776
785445,10768
785495,10758
785545,10757
785595,10751
785645,10757
785695,10765
785745,10762
785795,10782
785845,10794
785895,10815
785945,10837
785995,10842
786045,10871
786095,10889
786145,10901
786195,10882
786245,10863
786295,10876
786345,10874
786395,10888
786445,10888
786495,10882
786545,10893
786595,10905
786645,10905
786695,10925
786745,10925
786795,10939
786845,10961
786895,10966
786945,10971
786995,10951
787045,10936
787095,10936
787146,10904
787196,10832
787246,10797
787295,10754
787345,10764
787395,10722
787445,10720
787495,10696
787545,10730
787595,10744
787646,10727
787695,10796
787745,10798
787795,10796
787845,10783
787895,10776
787945,10782
787995,10776
788045,10776
788095,10772
788145,10769
788195,10770
788245,10777
788295,10776
788345,10782
788395,10780
788445,10793
788495,10801
788545,10794
788595,10802
788645,10809
788695,10819
788745,10822
788795,10794
788845,10783
788895,10766
788945,10763
788995,10771
789045,10766
789095,10768
789145,10763
789195,10779
789245,10785
789295,10785
789345,10789
789395,10767
789445,10767
789495,10772
789545,10773
789595,10766
789645,10776
789695,10754
789745,10749
789795,10733
789845,10722
789895,10703
789945,10689
789995,10702
790045,10688
790095,10692
790145,10698
790195,10680
790245,10707
790295,10709
790345,10712
790395,10712
790445,10711
790495,10734
790545,10732
790595,10739
790645,10745
790695,10721
790745,10721
790795,10709
790845,10709
790895,10713
790945,10709
790995,10699
791045,10703
791095,10694
791145,10703
791195,10701
791245,10696
791295,10708
791345,10702
791395,10711
791445,10708
791495,10710
791545,10729
791595,10723
791645,10714
791695,10706
791745,10690
791795,10696
791845,10679
791895,10686
791945,10680
791995,10675
792045,10687
792095,10684
792146,10647
792196,10648
792246,10648
792295,10648
792345,10685
792395,10717
792445,10729
792495,10731
792545,10713
792595,10705
792646,10690
792695,10688
792745,10689
792795,10678
792845,10686
792895,10682
792945,10689
792995,10677
793045,10688
793095,10695
793145,10696
793195,10707
793245,10712
793295,10721
793345,10731
793395,10732
793445,10732
793495,10713
793545,10721
793595,10717
793645,10717
793695,10719
793745,10724
793795,10701
793845,10710
793895,10720
793945,10727
793995,10736
794045,10732
794095,10747
794145,10738
794195,10742
794245,10717
794295,10687
794345,10694
794395,10683
794445,10676
794495,10669
794545,10658
794595,10663
794645,10660
794695,10663
794745,10663
794795,10655
794845,10661
794895,10656
794945,10630
794995,10591
795045,10591
795095,10559
795145,10546
795195,10541
795245,10522
795295,10507
795345,10505
795395,10514
795445,10488
795495,10492
795545,10473
795595,10463
795645,10460
795695,10443
795745,10419
795795,10391
795845,10386
795895,10373
795945,10365
795995,10378
796045,10351
796095,10371
796145,10370
796195,10361
796245,10366
796295,10356
796345,10371
796395,10371
796445,10370
796495,10362
796545,10346
796595,10306
796645,10301
796695,10295
796745,10286
796795,10288
796845,10265
796895,10274
796945,10262
796995,10291
797045,10290
797095,10282
797146,10291
797196,10236
797245,10233
797296,10191
797345,10051
797395,9363
797445,9099
797495,8829
797545,8770
797595,8681
797646,8646
797695,8716
797745,8824
797795,8824
797845,8910
797895,8957
797945,8970
797995,8975
798045,9014
798095,9019
798145,9054
798195,9067
798245,9072
798295,9106
798345,9124
798395,9139
798445,9162
798495,9181
798545,9200
798595,9207
798645,9222
798695,9214
798745,9214
798795,9214
798845,9219
798895,9229
798945,9226
798995,9236
799045,9260
799095,9251
799145,9266
799195,9266
799245,9260
799295,9275
799345,9273
799395,9266
799445,9275
799495,9266
799545,9270
799595,9274
799645,9284
799695,9292
799745,9286
799795,9307
799845,9303
799895,9313
799945,9334
799995,9336
800045,9357
800095,9348
800145,9342
800195,9356
800245,9333
800295,9363
800345,9363
800395,9368
800445,9374
800495,9387
800545,9397
800595,9397
800645,9396
800695,9416
800745,9420
800795,9421
800845,9424
800895,9398
800945,9407
800995,9417
801045,9416
801095,9432
801145,9421
801195,9448
801245,9439
801295,9458
801345,9467
801395,9462
801445,9475
801495,9480
801545,9490
801595,9480
801645,9453
801695,9460
801745,9460
801795,9474
801845,9484
801895,9476
801945,9483
801995,9483
802045,9489
802095,9510
802147,9511
802196,9474
802246,9478
802296,9469
802345,9483
802395,9508
802445,9500
802495,9503
802545,9435
802595,9389
802646,9204
802695,9098
802745,9044
802795,8928
802845,8902
802895,8859
802945,8819
802995,8752
803045,8605
803095,8533
803145,8471
803195,8495
803245,8463
803295,8478
803345,8502
803395,8502
803445,8509
803495,8561
803545,8561
803595,8604
803645,8635
803695,8664
803745,8731
803795,8727
803845,8798
803895,8826
803945,8831
803995,8852
804045,8823
804095,8840
804145,8846
804195,8858
804245,8878
804295,8852
804345,8880
804395,8863
804445,8881
804495,8902
804545,8879
804595,8899
804645,8879
804695,8906
804745,8912
804795,8912
804845,8887
804895,8897
804945,8803
804995,8799
805045,8781
805095,8766
805145,8795
805195,8783
805245,8816
805295,8813
805345,8807
805395,8826
805445,8819
805495,8855
805545,8846
805595,8851
805645,8864
805695,8841
805745,8862
805795,8840
805845,8841
805895,8842
805945,8835
805995,8865
806045,8838
806095,8858
806145,8851
806195,8851
806245,8838
806295,8869
806345,8860
806395,8873
806445,8870
806495,8862
806545,8878
806595,8848
806645,8855
806695,8835
806745,8828
806795,8833
806845,8832
806895,8852
806945,8839
806995,8843
807045,8855
807095,8852
807145,8877
807196,8805
807246,8821
807296,8829
807345,8891
807395,8900
807445,8869
807495,8890
807545,8890
807595,8889
807646,8892
807695,8893
807745,8892
807795,8922
807845,8924
807895,8928
807945,8941
807995,8924
808045,8948
808095,8941
808145,8948
808195,8932
808245,8841
808295,8824
808345,8792
808395,8827
808445,8823
808495,8823
808545,8842
808595,8855
808645,8876
808695,8874
808745,8871
808795,8890
808845,8886
808895,8905
808945,8905
808995,8879
809045,8864
809095,8860
809145,8841
809195,8861
809245,8850
809295,8846
809345,8851
809395,8853
809445,8867
809495,8857
809545,8866
809595,8860
809645,8861
809695,8895
809745,8872
809795,8870
809845,8834
809895,8820
809945,8828
809995,8813
810045,8842
810095,8819
810145,8822
810195,8831
810245,8819
810295,8845
810345,8845
810395,8841
810445,8860
810495,8869
810545,8864
810595,8887
810645,8867
810695,8862
810745,8842
810795,8775
810845,8756
810895,8735
810945,8772
810995,8758
811045,8776
811095,8794
811145,8785
811195,8806
811245,8808
811295,8828
811345,8846
811395,8851
811445,8870
811495,8802
811545,8774
811595,8734
811645,8667
811695,8651
811745,8651
811795,8575
811845,8555
811895,8563
811945,8653
811995,8701
812045,8501
812095,8352
812146,8041
812196,7922
812245,7951
812296,8029
812346,7973
812395,7924
812445,7931
812495,7856
812545,7911
812595,7951
812646,7905
812695,7978
812745,8096
812795,8156
812845,8170
812895,8154
812945,8185
812995,8211
813045,8220
813095,8230
813145,8230
813195,8224
813245,8260
813295,8260
813345,8250
813395,8236
813445,8222
813495,8251
813545,8245
813595,8261
813645,8262
813695,8267
813745,8291
813795,8292
813845,8300
813895,8296
813945,8256
813995,8227
814045,8204
814095,8347
814145,8360
814195,8618
814245,8962
814295,8909
814345,8766
814395,9122
814445,10727
814495,25159
814545,25159
814595,16068
814645,9608
814695,9774
814745,10003
814795,9440
814845,9814
814895,9832
814945,9910
814995,9925
815045,9932
815095,9934
815145,9946
815195,9954
815245,9958
815295,9992
815345,9992
815395,10004
815445,9981
815495,10025
815545,10008
815595,10028
815645,10037
815695,10008
815745,10026
815795,10013
815845,10035
815895,10045
815945,10045
815995,9984
816045,10016
816095,10009
816145,10057
816195,10075
816245,10078
816295,10131
816345,10136
816395,10189
816445,10207
816495,10246
816545,10277
816595,10288
816645,10335
816695,10359
816745,10398
816795,10450
816845,10513
816895,10606
816945,10678
816995,10724
817045,10758
817095,10896
817145,10985
817196,10955
817246,10986
817296,10979
817346,10979
817395,11019
817445,11052
817495,11063
817545,11087
817595,11112
817646,11133
817695,11207
817745,11227
817795,11278
817845,11274
817895,11314
817945,11351
817995,11361
818045,11400
818095,11409
818145,11446
818195,11464
818245,11457
818295,11482
818345,11496
818395,11533
818445,11550
818495,11543
818545,11571
818595,11571
818645,11585
818695,11585
818745,11572
818795,11563
818845,11568
818895,11561
818945,11579
818995,11559
819045,11555
819095,11563
819145,11564
819195,11583
819245,11575
819295,11569
819345,11571
819395,11530
819445,11584
819495,11603
819545,11635
819595,11662
819645,11677
819695,11710
819745,11688
819795,11711
819845,11722
819895,11709
819945,11705
819995,11684
820045,11690
820095,11690
820145,11684
820195,11673
820245,11668
820295,11647
820345,11672
820395,11643
820445,11615
820495,11586
820545,11557
820595,11545
820645,11495
820695,11456
820745,11431
820795,11395
820845,11396
820895,11361
820945,11380
820995,11365
821045,11363
821095,11341
821145,11269
821195,11249
821245,11216
821295,11247
821345,11232
821395,11172
821445,11131
821495,11131
821545,11086
821595,11069
821645,11059
821695,11020
821745,11008
821795,10982
821845,10968
821895,10981
821945,10995
821995,11035
822045,11037
822095,11048
822145,11039
822196,10979
822245,10969
822296,10945
822345,10976
822395,11041
822445,11078
822495,11116
822545,11123
822595,11169
822646,11061
822695,11083
822745,11068
822795,11036
822845,11095
822895,11095
822945,11081
822995,11093
823045,11085
823095,11109
823145,11144
823195,11115
823245,11135
823295,11120
823345,11121
823395,11174
823445,11155
823495,11168
823545,11155
823595,11146
823645,11175
823695,11163
823745,11169
823795,11125
823845,11091
823895,11082
823945,11072
823995,11079
824045,11052
824095,11053
824145,11043
824195,11052
824245,11071
824295,11071
824345,11054
824395,11061
824445,11064
824495,11069
824545,11072
824595,11040
824645,11023
824695,10997
824745,10983
824795,10991
824845,10968
824895,10973
824945,10967
824995,10978
825045,10993
825095,10993
825145,11004
825195,11002
825245,11014
825295,11025
825345,11017
825395,11002
825445,10975
825495,10990
825545,10992
825595,10973
825645,10971
825695,10971
825745,10965
825795,10988
825845,10983
825895,10985
825945,10997
825995,10983
826045,11012
826095,11008
826145,11015
826195,11001
826245,10965
826295,10969
826345,10944
826395,10945
826445,10932
826495,10916
826545,10926
826595,10916
826645,10929
826695,10937
826745,10908
826795,10937
826845,10934
826895,10934
826945,10895
826995,10886
827045,10886
827095,10876
827145,10870
827196,10889
827246,10836
827296,10819
827345,10843
827395,10896
827445,10917
827495,10909
827545,10912
827595,10943
827646,10921
827695,10938
827745,10903
827795,10901
827845,10902
827895,10908
827945,10914
827995,10892
828045,10907
828095,10924
828145,10926
828195,10943
828245,10921
828295,10944
828345,10964
828395,10962
828445,10962
828495,10961
828545,10920
828595,10926
828645,10912
828695,10903
828745,10908
828795,10888
828845,10906
828895,10894
828945,10911
828995,10907
829045,10899
829095,10921
829145,10915
829195,10935
829245,10941
829295,10928
829345,10935
829395,10910
829445,10915
829495,10894
829545,10890
829595,10917
829645,10904
829695,10924
829745,10910
829795,10909
829845,10909
829895,10942
829945,10937
829995,10959
830045,10952
830095,10971
830145,10986
830195,10990
830245,11005
830295,10973
830345,10977
830395,10987
830445,10981
830495,11001
830545,10980
830595,11003
830645,11007
830695,11010
830745,11030
830795,11025
830845,11048
830895,11055
830945,11075
830995,11080
831045,11082
831095,11108
831145,11078
831195,11084
831245,11084
831295,11068
831345,11066
831395,11087
831445,11078
831495,11098
831545,11090
831595,11086
831645,11111
831695,11105
831745,11129
831795,11131
831845,11141
831895,11170
831945,11165
831995,11190
832045,11178
832095,11173
832145,11162
832195,11123
832246,11104
832296,11087
832346,11099
832395,11154
832445,11142
832495,11161
832545,11147
832595,11176
832646,11176
832695,11180
832745,11183
832795,11197
832845,11191
832895,11232
832945,11238
832995,11225
833045,11204
833095,11177
833145,11184
833195,11176
833245,11167
833295,11167
833345,11139
833395,11158
833445,11155
833495,11178
833545,11193
833595,11191
833645,11228
833695,11228
833745,11260
833795,11257
833845,11259
833895,11265
833945,11233
833995,11218
834045,11218
834095,11197
834145,11172
834195,11175
834245,11169
834295,11188
834345,11176
834395,11167
834445,11183
834495,11175
834545,11200
834595,11187
834645,11189
834695,11211
834745,11189
834795,11193
834845,11134
834895,11113
834945,11107
834995,11086
835045,11099
835095,11073
835145,11080
835195,11088
835245,11088
835295,11097
835345,11094
835395,11094
835445,11105
835495,11097
835545,11109
835595,11120
835645,11113
835695,11128
835745,11088
835795,11084
835845,11072
835895,11051
835945,11058
835995,11043
836045,11055
836095,11059
836145,11050
836195,11058
836245,11050
836295,11074
836345,11066
836395,11069
836445,11074
836495,11072
836545,11104
836595,11083
836645,11061
836695,11039
836745,11023
836795,11023
836845,11040
836895,11022
836945,11028
836995,11019
837045,11017
837095,11035
837145,11027
837196,11041
837246,10989
837295,10988
837346,11007
837395,11033
837445,11080
837495,11065
837545,11064
837595,11049
837646,10972
837695,11019
837745,11009
837795,11006
837845,11015
837895,11010
837945,11019
837995,11006
838045,11022
838095,11034
838145,11033
838195,11033
838245,11046
838295,11034
838345,11047
838395,11055
838445,11058
838495,11062
838545,11023
838595,11032
838645,11009
838695,11009
838745,11023
838795,11010
838845,11020
838895,11011
838945,11028
838995,11045
839045,11032
839095,11048
839145,11055
839195,11068
839245,11083
839295,11079
839345,11100
839395,11096
839445,11088
839495,11067
839545,11047
839595,11047
839645,11064
839695,11053
839745,11058
839795,11052
839845,11048
839895,11059
839945,11061
839995,11088
840045,11079
840095,11081
840145,11104
840195,11118
840245,11153
840295,11157
840345,11174
840395,11153
840445,11116
840495,11115
840545,11092
840595,11101
840645,11105
840695,11087
840745,11101
840795,11108
840845,11123
840895,11139
840945,11122
840995,11122
841045,11146
841095,11156
841145,11178
841195,11189
841245,11195
841295,11227
841345,11216
841395,11217
841445,11180
841495,11178
841545,11180
841595,11177
841645,11194
841695,11174
841745,11189
841795,11201
841845,11202
841895,11212
841945,11201
841995,11229
842045,11245
842095,11251
842145,11266
842196,11270
842246,11248
842296,11223
842345,11210
842395,11210
842445,11247
842495,11231
842545,11243
842595,11232
842646,11236
842695,11226
842745,11214
842795,11237
842845,11222
842895,11228
842945,11225
842995,11231
843045,11252
843095,11247
843145,11266
843195,11256
843245,11247
843295,11221
843345,11193
843395,11187
843445,11156
843495,11152
843545,11151
843595,11129
843645,11149
843695,11121
843745,11132
843795,11132
843845,11140
843895,11122
843945,11148
843995,11140
844045,11151
844095,11162
844145,11169
844195,11169
844245,11123
844295,11114
844345,11094
844395,11086
844445,11095
844495,11077
844545,11091
844595,11074
844645,11088
844695,11102
844745,11096
844795,11113
844845,11102
844895,11122
844945,11136
844995,11142
845045,11160
845095,11141
845145,11144
845195,11144
845245,11109
845295,11099
845345,11095
845395,11084
845445,11099
845495,11088
845545,11088
845595,11091
845645,11100
845695,11124
845745,11122
845795,11129
845845,11156
845895,11159
845945,11178
845995,11139
846045,11119
846095,11117
846145,11099
846195,11119
846245,11105
846295,11112
846345,11106
846395,11109
846445,11132
846495,11132
846545,11163
846595,11163
846645,11155
846695,11167
846745,11199
846795,11184
846845,11180
846895,11127
846945,11119
846995,11118
847045,11109
847095,11127
847145,11098
847196,11111
847245,11080
847296,11081
847346,11098
847395,11107
847445,11149
847495,11158
847545,11168
847595,11194
847646,11116
847695,11173
847745,11149
847795,11139
847845,11138
847895,11128
847945,11141
847995,11141
848045,11138
848095,11150
848145,11164
848195,11152
848245,11162
848295,11158
848345,11174
848395,11194
848445,11177
848495,11202
848545,11199
848595,11192
848645,11162
848695,11131
848745,11117
848795,11109
848845,11119
848895,11111
848945,11113
848995,11107
849045,11100
849095,11121
849145,11121
849195,11122
849245,11125
849295,11143
849345,11169
849395,11169
849445,11165
849495,11173
849545,11161
849595,11134
849645,11122
849695,11102
849745,11094
849795,11099
849845,11090
849895,11102
849945,11096
849995,11106
850045,11104
850095,11107
850145,11099
850195,11089
850245,11120
850295,11112
850345,11135
850395,11126
850445,11109
850495,11095
850545,11075
850595,11063
850645,11052
850695,11045
850745,11065
850795,11065
850845,11055
850895,11058
850945,11038
850995,11039
851045,11041
851095,11032
851145,11027
851195,11014
851245,11022
851295,11030
851345,11001
851395,10987
851445,10960
851495,10966
851545,10964
851595,10958
851645,10971
851695,10952
851745,10967
851795,10968
851845,10963
851895,10981
851945,10963
851995,10991
852045,11010
852095,11012
852145,11012
852195,11013
852246,11012
852296,10965
852346,10938
852395,10910
852445,10955
852495,10932
852545,10941
852595,10932
852646,10945
852695,10970
852745,10970
852795,11000
852845,11021
852895,11042
852945,11047
852995,11038
853045,11052
853095,11056
853145,11081
853195,11084
853245,11084
853295,11088
853345,11074
853395,11087
853445,11075
853495,11088
853545,11088
853595,11110
853645,11114
853695,11136
853745,11124
853795,11153
853845,11191
853895,11198
853945,11239
853995,11226
854045,11240
854095,11251
854145,11242
854195,11224
854245,11205
854295,11216
854345,11139
854395,11069
854445,11043
854495,11024
854545,11053
854595,11082
854645,11137
854695,11203
854745,11250
854795,11290
854845,11282
854895,11232
854945,11232
854995,11285
855045,11354
855095,11451
855145,11489
855195,11499
855245,11505
855295,11490
855345,11511
855395,11506
855445,11527
855495,11521
855545,11522
855595,11548
855645,11541
855695,11569
855745,11558
855795,11551
855845,11578
855895,11566
855945,11593
855995,11578
856045,11601
856095,11596
856145,11564
856195,11543
856245,11520
856295,11519
856345,11519
856395,11508
856445,11483
856495,11484
856545,11463
856595,11478
856645,11473
856695,11470
856745,11467
856795,11461
856845,11476
856895,11477
856945,11478
856995,11487
857045,11473
857095,11472
857145,11448
857195,11434
857245,11380
857296,11342
857346,11334
857395,11317
857445,11365
857495,11358
857545,11333
857595,11332
857646,11264
857695,11340
857745,11340
857795,11333
857845,11319
857895,11325
857945,11327
857995,11352
858045,11321
858095,11292
858145,11272
858195,11247
858245,11250
858295,11245
858345,11237
858395,11227
858445,11218
858495,11237
858545,11235
858595,11235
858645,11231
858695,11244
858745,11262
858795,11254
858845,11275
858895,11271
858945,11260
858995,11265
859045,11235
859095,11219
859145,11219
859195,11201
859245,11176
859295,11202
859345,11184
859395,11190
859445,11177
859495,11174
859545,11196
859595,11189
859645,11192
859695,11197
859745,11214
859795,11228
859845,11214
859895,11229
859945,11203
859995,11192
860045,11181
860095,11150
860145,11158
860195,11161
860245,11159
860295,11149
860345,11137
860395,11148
860445,11159
860495,11185
860545,11185
860595,11202
860645,11209
860695,11227
860745,11240
860795,11259
860845,11263
860895,11265
860945,11251
860995,11240
861045,11246
861095,11234
861145,11234
861195,11229
861245,11232
861295,11242
861345,11237
861395,11245
861445,11247
861495,11269
861545,11283
861595,11281
861645,11294
861695,11299
861745,11318
861795,11349
861845,11337
861895,11329
861945,11329
861995,11317
862045,11317
862095,11317
862145,11301
862195,11307
862246,11295
862297,11245
862346,11230
862395,11216
862445,11271
862495,11270
862545,11281
862595,11269
862646,11221
862695,11266
862745,11257
862795,11288
862845,11279
862895,11264
862945,11266
862995,11258
863045,11290
863095,11283
863145,11297
863195,11309
863245,11313
863295,11313
863345,11347
863395,11353
863445,11363
863495,11383
863545,11396
863595,11421
863645,11422
863695,11441
863745,11450
863795,11454
863845,11459
863895,11432
863945,11435
863995,11421
864045,11423
864095,11427
864145,11418
864195,11425
864245,11428
864295,11447
864345,11456
864395,11462
864445,11476
864495,11475
864545,11511
864595,11517
864645,11532
864695,11532
864745,11541
864795,11529
864845,11535
864895,11519
864945,11506
864995,11496
865045,11489
865095,11494
865145,11504
865195,11507
865245,11517
865295,11507
865345,11526
865395,11535
865445,11546
865495,11567
865545,11562
865595,11581
865645,11584
865695,11573
865745,11552
865795,11530
865845,11529
865895,11530
865945,11533
865995,11528
866045,11510
866095,11510
866145,11509
866195,11521
866245,11535
866295,11526
866345,11522
866395,11548
866445,11544
866495,11566
866545,11560
866595,11567
866645,11564
866695,11537
866745,11531
866795,11507
866845,11506
866895,11509
866945,11489
866995,11495
867045,11481
867095,11492
867145,11493
867195,11492
867246,11468
867295,11444
867346,11458
867396,11474
867445,11528
867495,11528
867545,11540
867595,11515
867646,11512
867695,11480
867745,11494
867795,11490
867845,11458
867895,11464
867945,11451
867995,11469
868045,11463
868095,11458
868145,11463
868195,11464
868245,11486
868295,11492
868345,11493
868395,11505
868445,11493
868495,11473
868545,11462
868595,11446
868645,11437
868695,11424
868745,11422
868795,11411
868845,11426
868895,11426
868945,11432
868995,11424
869045,11435
869095,11432
869145,11453
869195,11456
869245,11458
869295,11465
869345,11472
869395,11486
869445,11461
869495,11435
869545,11421
869595,11409
869645,11426
869695,11409
869745,11402
869795,11400
869845,11392
869895,11414
869945,11413
869995,11417
870045,11427
870095,11417
870145,11445
870195,11440
870245,11456
870295,11456
870345,11450
870395,11425
870445,11424
870495,11401
870545,11391
870595,11384
870645,11371
870695,11379
870745,11373
870795,11378
870845,11388
870895,11396
870945,11407
870995,11409
871045,11420
871095,11420
871145,11430
871195,11437
871245,11407
871295,11389
871345,11362
871395,11368
871445,11365
871495,11350
871545,11372
871595,11352
871645,11379
871695,11379
871745,11375
871795,11375
871845,11388
871895,11389
871945,11415
871995,11421
872045,11423
872095,11438
872145,11417
872195,11405
872246,11370
872296,11291
872346,11278
872396,11274
872445,11335
872495,11320
872545,11319
872595,11328
872646,11287
872695,11340
872745,11334
872795,11354
872845,11367
872895,11368
872945,11391
872995,11386
873045,11386
873095,11397
873145,11382
873195,11338
873245,11319
873295,11295
873345,11307
873395,11294
873445,11270
873495,11274
873545,11279
873595,11288
873645,11285
873695,11289
873745,11296
873795,11301
873845,11312
873895,11313
873945,11323
873995,11322
874045,11294
874095,11275
874145,11256
874195,11247
874245,11234
874295,11236
874345,11243
874395,11220
874445,11220
874495,11225
874545,11229
874595,11238
874645,11244
874695,11235
874745,11249
874795,11259
874845,11270
874895,11273
874945,11281
874995,11273
875045,11246
875095,11241
875145,11226
875195,11202
875245,11202
875295,11181
875345,11203
875395,11204
875445,11189
875495,11204
875545,11218
875595,11241
875645,11244
875695,11246
875745,11262
875795,11279
875845,11279
875895,11299
875945,11310
875995,11302
876045,11274
876095,11259
876145,11270
876195,11258
876245,11259
876295,11242
876345,11239
876395,11258
876445,11262
876495,11284
876545,11284
876595,11284
876645,11303
876695,11311
876745,11331
876795,11329
876845,11324
876895,11310
876945,11300
876995,11314
877045,11302
877095,11308
877145,11317
877195,11313
877245,11313
877296,11304
877345,11280
877396,11298
877445,11309
877495,11378
877545,11400
877595,11398
877646,11411
877695,11395
877745,11377
877795,11375
877845,11345
877895,11338
877945,11344
877995,11341
878045,11357
878095,11329
878145,11358
878195,11377
878245,11389
878295,11384
878345,11392
878395,11427
878445,11418
878495,11396
878545,11369
878595,11342
878645,11342
878695,11347
878745,11323
878795,11340
878845,11319
878895,11313
878945,11344
878995,11333
879045,11350
879095,11352
879145,11351
879195,11387
879245,11382
879295,11395
879345,11361
879395,11329
879445,11324
879495,11302
879545,11300
879595,11286
879645,11292
879695,11291
879745,11288
879795,11296
879845,11293
879895,11310
879945,11314
879995,11313
880045,11313
880095,11325
880145,11320
880195,11311
880245,11287
880295,11260
880345,11256
880395,11248
880445,11257
880495,11254
880545,11256
880595,11260
880645,11263
880695,11285
880745,11283
880795,11301
880845,11309
880895,11304
880945,11312
880995,11277
881045,11275
881095,11255
881145,11260
881195,11270
881245,11266
881295,11269
881345,11267
881395,11265
881445,11265
881495,11285
881545,11291
881595,11311
881645,11308
881695,11323
881745,11351
881795,11353
881845,11349
881895,11312
881945,11303
881995,11305
882045,11306
882095,11306
882145,11300
882195,11321
882245,11326
882295,11267
882346,11283
882396,11280
882445,11349
882495,11370
882545,11374
882595,11382
882646,11340
882695,11405
882745,11374
882795,11342
882845,11342
882895,11337
882945,11323
882995,11332
883045,11322
883095,11319
883145,11323
883195,11330
883245,11345
883295,11343
883345,11356
883395,11358
883445,11375
883495,11401
883545,11397
883595,11407
883645,11422
883695,11430
883745,11427
883795,11396
883845,11379
883895,11377
883945,11369
883995,11380
884045,11353
884095,11380
884145,11373
884195,11383
884245,11383
884295,11388
884345,11390
884395,11415
884445,11424
884495,11441
884545,11443
884595,11453
884645,11474
884695,11479
884745,11470
884795,11463
884845,11445
884895,11454
884945,11437
884995,11439
885045,11425
885095,11432
885145,11442
885195,11436
885245,11456
885295,11451
885345,11455
885395,11472
885445,11472
885495,11493
885545,11482
885595,11489
885645,11489
885695,11496
885745,11475
885795,11469
885845,11451
885895,11452
885945,11457
885995,11444
886045,11444
886095,11433
886145,11458
886195,11461
886245,11457
886295,11462
886345,11470
886395,11489
886445,11492
886495,11482
886545,11504
886595,11500
886645,11509
886695,11480
886745,11458
886795,11445
886845,11428
886895,11436
886945,11421
886995,11414
887045,11414
887095,11415
887145,11412
887195,11427
887245,11428
887296,11435
887346,11384
887396,11395
887445,11408
887495,11458
887545,11474
887595,11480
887646,11423
887695,11444
887745,11428
887795,11439
887845,11430
887895,11426
887945,11426
887995,11424
888045,11447
888095,11444
888145,11453
888195,11461
888245,11477
888295,11499
888345,11487
888395,11487
888445,11518
888495,11517
888545,11502
888595,11510
888645,11510
888695,11509
888745,11520
888795,11521
888845,11533
888895,11538
888945,11551
888995,11564
889045,11587
889095,11595
889145,11588
889195,11606
889245,11618
889295,11619
889345,11609
889395,11592
889445,11592
889495,11588
889545,11604
889595,11608
889645,11603
889695,11598
889745,11589
889795,11589
889845,11616
889895,11614
889945,11616
889995,11616
890045,11623
890095,11651
890145,11654
890195,11630
890245,11622
890295,11605
890345,11617
890395,11605
890445,11592
890495,11588
890545,11595
890595,11610
890645,11599
890695,11602
890745,11609
890795,11613
890845,11638
890895,11644
890945,11643
890995,11616
891045,11604
891095,11597
891145,11584
891195,11584
891245,11573
891295,11545
891345,11535
891395,11535
891445,11530
891495,11531
891545,11513
891595,11529
891645,11528
891695,11512
891745,11483
891795,11465
891845,11457
891895,11444
891945,11430
891995,11429
892045,11425
892095,11442
892145,11450
892195,11447
892245,11452
892296,11408
892346,11417
892396,11416
892445,11454
892495,11481
892545,11463
892595,11467
892646,11467
892695,11424
892745,11452
892795,11444
892845,11437
892895,11448
892945,11441
892995,11457
893045,11445
893095,11435
893145,11434
893195,11426
893245,11436
893295,11436
893345,11449
893395,11433
893445,11415
893495,11404
893545,11384
893595,11388
893645,11376
893695,11373
893745,11387
893795,11379
893845,11387
893895,11406
893945,11418
893995,11438
894045,11438
894095,11424
894145,11455
894195,11463
894245,11469
894295,11453
894345,11440
894395,11460
894445,11455
894495,11447
894545,11450
894595,11446
894645,11456
894695,11461
894745,11475
894795,11477
894845,11479
894895,11510
894945,11509
894995,11524
895045,11509
895095,11501
895145,11513
895195,11499
895245,11506
895295,11492
895345,11488
895395,11496
895445,11496
895495,11504
895545,11518
895595,11519
895645,11513
895695,11524
895745,11544
895795,11561
895845,11553
895895,11539
895945,11521
895995,11521
896045,11518
896095,11514
896145,11514
896195,11506
896245,11487
896295,11514
896345,11510
896395,11513
896445,11527
896495,11563
896545,11529
896595,11487
896645,11427
896695,11388
896745,11337
896795,11343
896845,11343
896895,11335
896945,11320
896995,11290
897045,11271
897095,11254
897145,11246
897195,11231
897245,11199
897295,11186
897346,11150
897396,11173
897446,11199
897495,11258
897545,11258
897595,11247
897646,11156
897695,11176
897745,11172
897795,11194
897845,11193
897895,11183
897945,11195
897995,11197
898045,11222
898095,11214
898145,11206
898195,11198
898245,11198
898295,11193
898345,11192
898395,11156
898445,11136
898495,11133
898545,11137
898595,11146
898645,11134
898695,11135
898745,11147
898795,11160
898845,11182
898895,11194
898945,11198
898995,11218
899045,11235
899095,11255
899145,11243
899195,11229
899245,11226
899295,11211
899345,11221
899395,11213
899445,11221
899495,11227
899545,11231
899595,11248
899645,11248
899695,11245
899745,11262
899795,11273
899845,11288
899895,11301
899945,11290
899995,11296
900045,11284
900095,11280
900145,11281
900195,11272
900245,11270
900295,11269
900345,11276
900395,11294
900445,11288
900495,11300
900545,11291
900595,11306
900645,11311
900695,11322
900745,11327
900795,11325
900845,11329
900895,11306
900945,11308
900995,11308
901045,11298
901095,11297
901145,11306
901195,11270
901245,11306
901295,11354
901345,11400
901395,11433
901445,11448
901495,11461
901545,11468
901595,11480
901645,11496
901695,11481
901745,11484
901795,11453
901845,11428
901895,11402
901945,11370
901995,11355
902045,11335
902095,11331
902145,11317
902195,11306
902245,11316
902296,11281
902347,11257
902396,11254
902446,11254
902495,11256
902545,11316
902595,11314
902646,11309
902695,11292
902745,11258
902795,11253
902845,11245
902895,11241
902945,11216
902995,11211
903045,11207
903095,11197
903145,11209
903195,11205
903245,11158
903295,11183
903345,11244
903395,11285
903445,11287
903495,11296
903545,11309
903595,11294
903645,11279
903695,11246
903745,11244
903795,11244
903845,11241
903895,11232
903945,11232
903995,11213
904045,11219
904095,11228
904145,11224
904195,11228
904245,11200
904295,11217
904345,11225
904395,11247
904445,11252
904495,11231
904545,11214
904595,11186
904645,11173
904695,11170
904745,11154
904795,11139
904845,11126
904895,11128
904945,11136
904995,11132
905045,11144
905095,11117
905145,11135
905195,11135
905245,11145
905295,11139
905345,11147
905395,11120
905445,11105
905495,11100
905545,11093
905595,11093
905645,11088
905695,11090
905745,11085
905795,11088
905845,11075
905895,11070
905945,11082
905995,11089
906045,11109
906095,11107
906145,11122
906195,11135
906245,11116
906295,11114
906345,11091
906395,11062
906445,11044
906495,11038
906545,11018
906595,11018
906645,10973
906695,10919
906745,10925
906795,10943
906845,10959
906895,10910
906945,10922
906995,10971
907045,10970
907095,10979
907145,10953
907195,10966
907245,10973
907297,10987
907346,10955
907396,10963
907446,10978
907495,11040
907545,11060
907595,11072
907646,11042
907695,11104
907745,11111
907795,11108
907845,11099
907895,11076
907945,11081
907995,11081
908045,11086
908095,11097
908145,11090
908195,11089
908245,11102
908295,11107
908345,11132
908395,11136
908445,11144
908495,11185
908545,11177
908595,11189
908645,11141
908695,11108
908745,11110
908795,11099
908845,11105
908895,11082
908945,11080
908995,11097
909045,11081
909095,11099
909145,11081
909195,11086
909245,11097
909295,11089
909345,11080
909395,11080
909445,11051
909495,11051
909545,11054
909595,11049
909645,11069
909695,11053
909745,11064
909795,11061
909845,11069
909895,11083
909945,11074
909995,11091
910045,11097
910095,11102
910145,11089
910195,11068
910245,11077
910295,11071
910345,11045
910395,11036
910445,10996
910495,10967
910545,10948
910595,10953
910645,10954
910695,10940
910745,10937
910795,10937
910845,10947
910895,10960
910945,10957
910995,10956
911045,10998
911095,11025
911145,11043
911195,11050
911245,11045
911295,11059
911345,11064
911395,11079
911445,11092
911495,11086
911545,11101
911595,11092
911645,11100
911695,11088
911745,11074
911795,11078
911845,11083
911895,11097
911945,11089
911995,11107
912045,11121
912095,11117
912145,11140
912195,11140
912245,11135
912295,11159
912346,11168
912395,11137
912446,11144
912495,11118
912545,11161
912595,11156
912646,11149
912695,11158
912745,11152
912795,11169
912845,11161
912895,11172
912945,11201
912995,11198
913045,11220
913095,11206
913145,11228
913195,11242
913245,11252
913295,11251
913345,11215
913395,11210
913445,11204
913495,11209
913545,11217
913595,11217
913645,11204
913695,11216
913745,11223
913795,11228
913845,11250
913895,11251
913945,11262
913995,11264
914045,11279
914095,11293
914145,11284
914195,11272
914245,11258
914295,11263
914345,11269
914395,11262
914445,11255
914495,11247
914545,11265
914595,11239
914645,11209
914695,11194
914745,11185
914795,11205
914845,11218
914895,11230
914945,11242
914995,11242
915045,11234
915095,11245
915145,11233
915195,11237
915245,11232
915295,11219
915345,11232
915395,11227
915445,11227
915495,11232
915545,11229
915595,11243
915645,11239
915695,11252
915745,11239
915795,11236
915845,11250
915895,11250
915945,11253
915995,11228
916045,11210
916095,11221
916145,11221
916195,11227
916245,11217
916295,11230
916345,11258
916395,11258
916445,11262
916495,11276
916545,11276
916595,11289
916645,11303
916695,11314
916745,11330
916795,11317
916845,11313
916895,11314
916945,11308
916995,11325
917045,11314
917095,11328
917145,11341
917195,11342
917245,11359
917295,11354
917346,11322
917396,11319
917446,11311
917495,11339
917545,11339
917595,11351
917646,11313
917695,11343
917745,11343
917795,11343
917845,11339
917895,11351
917945,11346
917995,11369
918045,11379
918095,11365
918145,11387
918195,11387
918245,11377
918295,11371
918345,11361
918395,11331
918445,11318
918495,11317
918545,11297
918595,11287
918645,11262
918695,11240
918745,11272
918795,11299
918845,11361
918895,11443
918945,11473
918995,11465
919045,11429
919095,11411
919145,11374
919195,11374
919245,11343
919295,11335
919345,11313
919395,11299
919445,11270
919495,11258
919545,11262
919595,11245
919645,11244
919695,11232
919745,11239
919795,11228
919845,11187
919895,11168
919945,11130
919995,11128
920045,11128
920095,11116
920145,11100
920195,11089
920245,11107
920295,11106
920345,11100
920395,11108
920445,11108
920495,11134
920545,11137
920595,11137
920645,11144
920695,11154
920745,11127
920795,11118
920845,11093
920895,11084
920945,11079
920995,11068
921045,11082
921095,11073
921145,11077
921195,11073
921245,11069
921295,11118
921345,11126
921395,11106
921445,11082
921495,11068
921545,11084
921595,11085
921645,11073
921695,11076
921745,11072
921795,11069
921845,11052
921895,11065
921945,11058
921995,11058
922045,11060
922095,11075
922145,11067
922195,11087
922245,11092
922295,11106
922346,11129
922396,11082
922446,11105
922495,11117
922545,11173
922595,11163
922646,11120
922695,11157
922745,11152
922795,11174
922845,11199
922895,11184
922945,11195
922995,11185
923045,11198
923095,11182
923145,11169
923195,11178
923245,11182
923295,11189
923345,11178
923395,11178
923445,11140
923495,11140
923545,11162
923595,11177
923645,11152
923695,11119
923745,11106
923795,11092
923845,11093
923895,11087
923945,11104
923995,11118
924045,11129
924095,11133
924145,11128
924195,11125
924245,11118
924295,11117
924345,11110
924395,11086
924445,11088
924495,11098
924545,11139
924595,11235
924645,11268
924695,11277
924745,11256
924795,11256
924845,11240
924895,11222
924945,11201
924995,11194
925045,11190
925095,11191
925145,11171
925195,11140
925245,11129
925295,11099
925345,11084
925395,11064
925445,11076
925495,11105
925545,11140
925595,11185
925645,11207
925695,11225
925745,11234
925795,11240
925845,11257
925895,11269
925945,11279
925995,11288
926045,11278
926095,11285
926145,11277
926195,11277
926245,11286
926295,11259
926345,11226
926395,11208
926445,11251
926495,11299
926545,11331
926595,11315
926645,11333
926695,11299
926745,11305
926795,11286
926845,11283
926895,11275
926945,11273
926995,11294
927045,11283
927095,11271
927145,11274
927195,11272
927245,11273
927295,11272
927346,11219
927396,11216
927446,11210
927495,11244
927545,11276
927595,11276
927646,11267
927695,11278
927745,11267
927795,11251
927845,11209
927895,11189
927945,11173
927995,11139
928045,11133
928095,11101
928145,11091
928195,11080
928245,11063
928295,11066
928345,11050
928395,11052
928445,11044
928495,11041
928545,11036
928595,10994
928645,10971
928695,10967
928745,10951
928795,10922
928845,10900
928895,10908
928945,10895
928995,10895
929045,10894
929095,10891
929145,10892
929195,10914
929245,10911
929295,10923
929345,10916
929395,10919
929445,10950
929495,10953
929545,10949
929595,10925
929645,10906
929695,10929
929745,10927
929795,10937
929845,10928
929895,10938
929945,10954
929995,10960
930045,10982
930095,10972
930145,10993
930195,11013
930245,11014
930295,11034
930345,11032
930395,11032
930445,11043
930495,11028
930545,11016
930595,11013
930645,11007
930695,11036
930745,11039
930795,11039
930845,11045
930895,11045
930945,11071
930995,11077
931045,11080
931095,11092
931145,11093
931195,11127
931245,11123
931295,11105
931345,11096
931395,11086
931445,11091
931495,11078
931545,11084
931595,11082
931645,11081
931695,11102
931745,11094
931795,11094
931845,11110
931895,11103
931945,11113
931995,11114
932045,11113
932095,11125
932145,11097
932195,11087
932245,11085
932295,11076
932345,11074
932396,11027
932446,11010
932495,10980
932545,11002
932595,11012
932646,10973
932695,10989
932745,10957
932795,10989
932845,11037
932895,11075
932945,11103
932995,11107
933045,11121
933095,11123
933145,11124
933195,11124
933245,11148
933295,11146
933345,11151
933395,11152
933445,11161
933495,11180
933545,11167
933595,11147
933645,11127
933695,11118
933745,11118
933795,11026
933845,11041
933895,10989
933945,10959
933995,10967
934045,10964
934095,10994
934145,10951
934195,10959
934245,10960
934295,10956
934345,10981
934395,10986
934445,11028
934495,11043
934545,11034
934595,11034
934645,11050
934695,11020
934745,11047
934795,11066
934845,11060
934895,11078
934945,11046
934995,11070
935045,11068
935095,11055
935145,11047
935195,11027
935245,11038
935295,11040
935345,11064
935395,11115
935445,11011
935495,10930
935545,10886
935595,10984
935645,10934
935695,10838
935745,10881
935795,10934
935845,10960
935895,10989
935945,11000
935995,11000
936045,11036
936095,11031
936145,11042
936195,11017
936245,10956
936295,11011
936345,10990
936395,10968
936445,10953
936495,10942
936545,10960
936595,10940
936645,10965
936695,10955
936745,10958
936795,10971
936845,10973
936895,11022
936945,11029
936995,11048
937045,11051
937095,11041
937145,11083
937195,11065
937245,11061
937295,11056
937345,11059
937396,11059
937446,11045
937496,10915
937545,10956
937595,11092
937646,11056
937695,11192
937745,11256
937795,11262
937845,11301
937895,11260
937945,11401
937995,11409
938045,11427
938095,11442
938145,11446
938195,11359
938245,11288
938295,11259
938345,11252
938395,11270
938445,11246
938495,11194
938545,11149
938595,11043
938645,11019
938695,10989
938745,11024
938795,11024
938845,11017
938895,10893
938945,10909
938995,10894
939045,10826
939095,10790
939145,10748
939195,10760
939245,10756
939295,10768
939345,10803
939395,10835
939445,10877
939495,10912
939545,10944
939595,10953
939645,10956
939695,10983
939745,10997
939795,11020
939845,11059
939895,11077
939945,11107
939995,11111
940045,11128
940095,11143
940145,11143
940195,11139
940245,11173
940295,11195
940345,11221
940395,11216
940445,11230
940495,11261
940545,11239
940595,11227
940645,11239
940695,11243
940745,11231
940795,11199
940845,11190
940895,11151
940945,11170
940995,11179
941045,11180
941095,11190
941145,11177
941195,11176
941245,11150
941295,11117
941345,11110
941395,11087
941445,11086
941495,11055
941545,11055
941595,11014
941645,11067
941695,11092
941745,11134
941795,11131
941845,11124
941895,11171
941945,11198
941995,11237
942045,11195
942095,11214
942145,11238
942195,11208
942245,11264
942295,11241
942345,11306
942397,11248
942446,11246
942496,11291
942545,11344
942595,11345
943019,11278
943021,11278
943026,11278
943031,11278
943036,11278
943042,11278
943047,11278
943052,11278
943057,11291
943095,11291
943145,11362
943195,11338
943245,11353
943295,11398
943345,11380
943395,11382
943445,11320
943495,11312
943545,11304
943595,11282
943645,11297
943695,11277
943745,11273
943795,11265
943845,11275
943895,11281
943945,11260
943995,11279
944045,11270
944095,11251
944145,11274
944195,11246
944245,11239
944295,11187
944345,11187
944395,11157
944445,11088
944495,11030
944545,11015
944595,10984
944645,10999
944695,11000
944745,10984
944795,11017
944845,11009
944895,11006
944945,11021
944995,11023
945045,11038
945095,11032
945145,11040
945195,11034
945245,11007
945295,11018
945345,10989
945395,10993
945445,10963
945495,10930
945545,10919
945595,10918
945645,10949
945695,10943
945745,10943
945795,10928
945845,10945
945895,10956
945945,10978
945995,10917
946045,10862
946095,10825
946145,10802
946195,10804
946245,10832
946295,10789
946345,10780
946395,10894
946445,10934
946495,10917
946545,10960
946595,11021
946645,11038
946695,11048
946745,10979
946795,10954
946845,10900
946895,10854
946945,10986
946995,11020
947045,11097
947095,11139
947145,11139
947195,11231
947245,11277
947295,11296
947345,11381
947396,11401
947446,11341
947496,11328
947545,11319
947595,11377
947762,11190
947764,11190
947768,11190
947795,11163
947845,11153
947895,10900
947945,10931
947995,11017
948045,11043
948095,11114
948145,11133
948195,11149
948245,11189
948295,11211
948345,11223
948395,11225
948445,11240
948495,11235
948545,11235
948595,11219
948645,11212
948695,11163
948745,11214
948795,11202
948845,11201
948895,11221
948945,11242
948995,11293
949045,11288
949095,11325
949145,11373
949195,11380
949245,11426
949295,11429
949345,11317
949395,11219
949445,11169
949495,11195
949545,11189
949595,11227
949645,11243
949695,11236
949745,11213
949795,11191
949845,11186
949895,11129
949945,11129
949995,11084
950045,11077
950095,11122
950145,11211
950195,11208
950245,11212
950295,11244
950345,11229
950395,11223
950445,11194
950495,11203
950545,11210
950595,11204
950645,11212
950695,11171
950745,11190
950795,11174
950845,11127
950895,11129
950945,11102
950995,11076
951045,11009
951095,10939
951145,10932
951195,10939
951245,10967
951295,10967
951345,10962
951395,10985
951445,11096
951495,11139
951545,11121
951595,11063
951645,11072
951695,11079
951745,11018
951795,10993
951845,10912
951895,10860
951945,10869
951995,10921
952045,10925
952095,10859
952145,10856
952195,10874
952245,10910
952295,10974
952345,10874
952396,10816
952446,10831
952495,10814
952545,10849
952595,10877
952646,10875
952695,10875
952745,10902
952795,10923
952845,10947
952895,10943
952945,10952
952995,10920
953045,10878
953095,10847
953145,10809
953195,10852
953245,10812
953295,10810
953345,10825
953395,10851
953445,10886
953495,10887
953545,10938
953595,10790
953645,10688
953695,10747
953745,10854
953795,10905
953845,10893
953895,10852
953945,10846
953995,10826
954045,10835
954095,10835
954145,10811
954195,10807
954245,10830
954295,10821
954345,10827
954395,10820
954445,10818
954495,10801
954545,10763
954595,10772
954645,10764
954695,10771
954745,10773
954795,10756
954845,10770
954895,10750
954945,10747
954995,10718
955045,10695
955095,10692
955145,10642
955195,10608
955245,10536
955295,10469
955345,10433
955395,10474
955445,10543
955495,10543
955545,10569
955595,10577
955645,10596
955695,10595
955745,10629
955795,10648
955845,10663
955895,10670
955945,10670
955995,10697
956045,10698
956095,10702
956145,10711
956195,10699
956245,10718
956295,10719
956345,10711
956395,10657
956445,10577
956495,10582
956545,10590
956595,10591
956645,10516
956695,10536
956745,10579
956795,10618
956845,10657
956895,10657
956945,10647
956995,10485
957045,10214
957095,10190
957145,10238
957195,10259
957245,10329
957295,10298
957345,10259
957396,10232
957446,10191
957496,10223
957546,10278
957595,10389
957646,10371
957695,10396
957745,10454
957795,10454
957845,10459
957895,10437
957945,10415
957995,10416
958045,10435
958095,10414
958145,10428
958195,10450
958245,10481
958295,10481
958345,10479
958395,10451
958445,10432
958495,10414
958545,10430
958595,10411
958645,10422
958695,10450
958745,10468
958795,10503
958845,10500
958895,10539
958945,10580
958995,10586
959045,10574
959095,10535
959145,10553
959195,10546
959245,10504
959295,10468
959345,10420
959395,10496
959445,10555
959495,10548
959545,10539
959595,10537
959645,10562
959695,10562
959745,10574
959795,10566
959845,10573
959895,10565
959945,10617
959995,10640
960045,10666
960095,10693
960145,10716
960195,10741
960245,10748
960295,10736
960345,10703
960395,10626
960445,10531
960495,10458
960545,10513
960595,10577
960645,10625
960695,10666
960745,10673
960795,10707
960845,10759
960895,10803
960945,10835
960995,10833
961045,10845
961095,10845
961145,10844
961195,10845
961245,10832
961295,10798
961345,10799
961395,10761
961445,10737
961495,10738
961545,10726
961595,10750
961645,10751
961695,10757
961745,10765
961795,10761
961845,10836
961895,10904
961945,10867
961995,10862
962045,10881
962095,10796
962145,10720
962195,10698
962245,10672
962295,10662
962345,10676
962396,10651
962446,10649
962495,10649
962545,10640
962595,10636
962646,10686
962695,10666
962745,10674
962795,10679
962845,10691
962895,10692
962945,10692
962995,10702
963045,10683
963095,10670
963145,10632
963195,10622
963245,10610
963295,10575
963345,10529
963395,10507
963445,10478
963495,10447
963545,10460
963595,10490
963645,10549
963695,10588
963745,10649
963795,10435
963845,10339
963895,10339
963945,10405
963995,10428
964045,10351
964095,10409
964145,10547
964195,10616
964245,10709
964295,10745
964345,10766
964395,10766
964445,10749
964495,10689
964545,10566
964595,10482
964645,10466
964695,10544
964745,10608
964795,10651
964845,10646
964895,10645
964945,10600
964995,10575
965045,10591
965095,10631
965145,10670
965195,10654
965245,10654
965295,10662
965345,10659
965395,10661
965445,10679
965495,10667
965545,10671
965595,10671
965645,10702
965695,10701
965745,10714
965795,10734
965845,10749
965895,10783
965945,10809
965995,10822
966045,10854
966095,10894
966145,11035
966195,11124
966245,11134
966295,11069
966345,11070
966395,11067
966445,11021
966495,10964
966545,10948
966595,10926
966645,10926
966695,10931
966745,10930
966795,10920
966845,10925
966895,10923
966945,10923
966995,10921
967045,10906
967095,10900
967145,10860
967195,10863
967245,10858
967295,10853
967345,10860
967397,10820
967445,10783
967496,10768
967546,10762
967595,10803
967646,10757
967695,10800
967745,10808
967795,10810
967845,10813
967895,10796
967945,10813
967995,10811
968045,10811
968095,10827
968145,10819
968195,10793
968245,10782
968295,10772
968345,10776
968395,10769
968445,10757
968495,10765
968545,10753
968595,10743
968645,10731
968695,10714
968745,10706
968795,10683
968845,10653
968895,10629
968945,10628
968995,10625
969045,10609
969095,10622
969145,10620
969195,10620
969245,10630
969295,10617
969345,10627
969395,10626
969445,10626
969495,10618
969545,10606
969595,10593
969645,10585
969695,10567
969745,10565
969795,10558
969845,10551
969895,10551
969945,10522
969995,10524
970045,10530
970095,10535
970145,10536
970195,10517
970245,10522
970295,10530
970345,10534
970395,10542
970445,10537
970495,10554
970545,10555
970595,10568
970645,10575
970695,10554
970745,10575
970795,10563
970845,10563
970895,10568
970945,10568
970995,10562
971045,10590
971095,10583
971145,10592
971195,10592
971245,10593
971295,10594
971345,10585
971395,10579
971445,10570
971495,10575
971545,10567
971595,10511
971645,10496
971695,10515
971745,10547
971795,10592
971845,10566
971895,10456
971945,10418
971995,10410
972045,10396
972095,10439
972145,10483
972195,10529
972245,10529
972295,10543
972345,10563
972395,10568
972446,10561
972496,10522
972546,10528
972595,10535
972646,10586
972695,10591
972745,10595
972795,10615
972845,10628
972895,10633
972945,10641
972995,10629
973045,10635
973095,10644
973145,10653
973195,10663
973245,10657
973295,10685
973345,10698
973395,10706
973445,10713
973495,10722
973545,10735
973595,10735
973645,10735
973695,10748
973745,10752
973795,10742
973845,10756
973895,10766
973945,10779
973995,10782
974045,10778
974095,10796
974145,10788
974195,10793
974245,10779
974295,10770
974345,10784
974395,10776
974445,10793
974495,10782
974545,10792
974595,10806
974645,10809
974695,10820
974745,10821
974795,10806
974845,10819
974895,10812
974945,10822
974995,10802
975045,10802
975095,10809
975145,10817
975195,10801
975245,10804
975295,10793
975345,10795
975395,10805
975445,10789
975495,10804
975545,10821
975595,10861
975645,10867
975695,10871
975745,10895
975795,10890
975845,10914
975895,10928
975945,10937
975995,10964
976045,10957
976095,10961
976145,10960
976195,10978
976245,10979
976295,10978
976345,10975
976395,10979
976445,10979
976495,10998
976545,11001
976595,10994
976645,10995
976695,10987
976745,10979
976795,10969
976845,10959
976895,10964
976945,10953
976995,10964
977045,10973
977095,10955
977145,10971
977195,10972
977245,10973
977295,10960
977345,10937
977395,10952
977447,10890
977495,10891
977546,10895
977595,10922
977646,10885
977695,10943
977745,10955
977795,10955
977845,10940
977895,10913
977945,10908
977995,10902
978045,10910
978095,10898
978145,10886
978195,10892
978245,10897
978295,10911
978345,10896
978395,10878
978445,10857
978495,10842
978545,10841
978595,10832
978645,10830
978695,10831
978745,10832
978795,10835
978845,10826
978895,10830
978945,10810
978995,10790
979045,10781
979095,10762
979145,10769
979195,10769
979245,10761
979295,10761
979345,10761
979395,10761
979445,10767
979495,10761
979545,10774
979595,10760
979645,10736
979695,10735
979745,10720
979795,10719
979845,10713
979895,10705
979945,10703
979995,10705
980045,10708
980095,10715
980145,10708
980195,10713
980245,10709
980295,10709
980345,10697
980395,10679
980445,10671
980495,10661
980545,10669
980595,10669
980645,10662
980695,10661
980745,10659
980795,10654
980845,10662
980895,10672
980945,10677
980995,10682
981045,10678
981095,10681
981145,10671
981195,10664
981245,10660
981295,10645
981345,10661
981395,10660
981445,10666
981495,10671
981545,10661
981595,10672
981645,10676
981695,10689
981745,10689
981795,10694
981845,10714
981895,10700
981945,10695
981995,10695
982045,10678
982095,10674
982145,10678
982195,10673
982245,10675
982295,10671
982345,10673
982395,10691
982446,10669
982496,10647
982546,10647
982596,10641
982645,10718
982695,10708
982745,10703
982795,10687
982845,10694
982895,10685
982945,10680
982995,10682
983045,10668
983095,10686
983145,10686
983195,10674
983245,10686
983295,10695
983345,10704
983395,10704
983445,10707
983495,10711
983545,10721
983595,10695
983645,10693
983695,10687
983745,10683
983795,10682
983845,10680
983895,10685
983945,10696
983995,10696
984045,10702
984095,10700
984145,10720
984195,10721
984245,10736
984295,10745
984345,10735
984395,10735
984445,10726
984495,10720
984545,10716
984595,10707
984645,10721
984695,10720
984745,10730
984795,10730
984845,10726
984895,10727
984945,10735
984995,10740
985045,10753
985095,10753
985145,10748
985195,10746
985245,10728
985295,10733
985345,10726
985395,10716
985445,10724
985495,10721
985545,10728
985595,10726
985645,10729
985695,10729
985745,10739
985795,10754
985845,10751
985895,10741
985945,10739
985995,10719
986045,10715
986095,10708
986145,10707
986195,10707
986245,10698
986295,10690
986345,10696
986395,10694
986445,10707
986495,10702
986545,10698
986595,10711
986645,10706
986695,10710
986745,10683
986795,10654
986845,10651
986895,10635
986945,10634
986995,10618
987045,10615
987095,10615
987145,10608
987195,10614
987245,10603
987295,10608
987345,10615
987395,10614
987445,10565
987496,10543
987546,10531
987595,10531
987646,10558
987695,10519
987745,10548
987795,10535
987845,10532
987895,10535
987945,10524
987995,10524
988045,10510
988095,10516
988145,10535
988195,10537
988245,10575
988295,10574
988345,10597
988395,10585
988445,10567
988495,10549
988545,10519
988595,10513
988645,10467
988695,10463
988745,10646
988795,10747
988845,10802
988895,10810
988945,10842
988995,10842
989045,10834
989095,10745
989145,10699
989195,10681
989245,10679
989295,10666
989345,10667
989395,10677
989445,10678
989495,10696
989545,10690
989595,10698
989645,10707
989695,10701
989745,10703
989795,10691
989845,10694
989895,10693
989945,10666
989995,10663
990045,10653
990095,10588
990145,10643
990195,10724
990245,10763
990295,10760
990345,10760
990395,10775
990445,10808
990495,10856
990545,10808
990595,10742
990645,10732
990695,10683
990745,10650
990795,10708
990845,10729
990895,10698
990945,10623
990995,10579
991045,10556
991095,10542
991145,10560
991195,10549
991245,10555
991295,10542
991345,10522
991395,10521
991445,10534
991495,10550
991545,10563
991595,10563
991645,10598
991695,10631
991745,10631
991795,10644
991845,10657
991895,10661
991945,10696
991995,10729
992045,10802
992095,10931
992145,10966
992195,10932
992245,10895
992295,11040
992345,11114
992395,11167
992446,11208
992496,11174
992545,11200
992595,11217
992646,11224
992695,11206
992745,11123
992795,11085
992845,11034
992895,11000
992945,10956
992995,10909
993045,10859
993095,10816
993145,10816
993195,10826
993245,10866
993295,10900
993345,10942
993395,10945
993445,10955
993495,10977
993545,10982
993595,11007
993645,10980
993695,10982
993745,10979
993795,10977
993845,10982
993895,10964
993945,10994
993995,10998
994045,11009
994095,11020
994145,11030
994195,11045
994245,11052
994295,11059
994345,11074
994395,11072
994445,11085
994495,11078
994545,11078
994595,11091
994645,11081
994695,11066
994745,11063
994795,11055
994845,11057
994895,11045
994945,11020
994995,11025
995045,11025
995095,11052
995145,11057
995195,11048
995245,11055
995295,11056
995345,11070
995395,11060
995445,11059
995495,11057
995545,11051
995595,11050
995645,11029
995695,11019
995745,11001
995795,10994
995845,11013
995895,10995
995945,10995
995995,10992
996045,10998
996095,10986
996145,11005
996195,11005
996245,11024
996295,11024
996345,11032
996395,11055
996445,11051
996495,11054
996545,11023
996595,11019
996645,11034
996695,11023
996745,11037
996795,11026
996845,11032
996895,11037
996945,11048
996995,11073
997045,11062
997095,11076
997145,11085
997195,11101
997245,11129
997295,11136
997345,11136
997395,11133
997445,11117
997496,11080
997546,11072
997596,11071
997646,11089
997695,11090
997745,11097
997795,11095
997845,11082
997895,11091
997945,11100
997995,11091
998045,11102
998095,11096
998145,11128
998195,11133
998245,11134
998295,11126
998345,11101
998395,11096
998445,11077
998495,11069
998545,11069
998595,11069
998645,11078
998695,11069
998745,11069
998795,11077
998845,11079
998895,11083
998945,11094
998995,11098
999045,11101
999095,11112
999145,11129
999195,11126
999245,11109
999295,11100
999345,11084
999395,11081
999445,11086
999495,11081
999545,11088
999595,11076
999645,11090
999695,11105
999745,11094
999795,11111
999845,11122
999895,11137
999945,11141
999995,11142
1000045,11169
1000095,11139
1000145,11139
1000195,11140
1000245,11124
1000295,11104
1000345,11103
1000395,11092
1000445,11103
1000495,11094
1000545,11082
1000595,11093
1000645,11083
1000695,11113
1000745,11112
1000795,11113
1000845,11117
1000895,11113
1000945,11142
1000995,11123
1001045,11112
1001095,11082
1001145,11071
1001195,11086
1001245,11077
1001295,11073
1001345,11055
1001395,11043
1001445,11060
1001495,11059
1001545,11059
1001595,11064
1001645,11062
1001695,11061
1001745,11079
1001795,11078
1001845,11094
1001895,11083
1001945,11089
1001995,11083
1002045,11061
1002095,11062
1002145,11041
1002195,11036
1002245,11042
1002295,11039
1002345,11040
1002395,11025
1002446,11039
1002495,10996
1002546,10995
1002595,11019
1002646,10975
1002695,11067
1002745,11079
1002795,11081
1002845,11093
1002895,11090
1002945,11090
1002995,11090
1003045,11079
1003095,11063
1003145,11063
1003195,11063
1003245,11067
1003295,11072
1003345,11065
1003395,11070
1003445,11075
1003495,11096
1003545,11096
1003595,11105
1003645,11101
1003695,11110
1003745,11121
1003795,11102
1003845,11113
1003895,11137
1003945,11158
1003995,11145
1004045,11116
1004095,11129
1004145,11201
1004195,11244
1004245,11275
1004295,11290
1004345,11290
1004395,11290
1004445,11295
1004495,11305
1004545,11319
1004595,11315
1004645,11342
1004695,11353
1004745,11366
1004795,11389
1004845,11370
1004895,11389
1004945,11364
1004995,11373
1005045,11377
1005095,11379
1005145,11383
1005195,11380
1005245,11388
1005295,11396
1005345,11387
1005395,11392
1005445,11367
1005495,11377
1005545,11387
1005595,11380
1005645,11376
1005695,11358
1005745,11358
1005795,11357
1005845,11324
1005895,11294
1005945,11278
1005995,11265
1006045,11279
1006095,11251
1006145,11248
1006195,11240
1006245,11245
1006295,11275
1006345,11273
1006395,11279
1006445,11280
1006495,11279
1006545,11293
1006595,11294
1006645,11282
1006695,11258
1006745,11245
1006795,11258
1006845,11250
1006895,11257
1006945,11246
1006995,11245
1007045,11271
1007095,11271
1007145,11268
1007195,11283
1007245,11269
1007295,11278
1007345,11295
1007395,11296
1007446,11316
1007496,11265
1007545,11270
1007596,11243
1007646,11243
1007695,11288
1007745,11287
1007795,11311
1007845,11310
1007895,11287
1007945,11318
1007995,11368
1008045,11443
1008095,11459
1008145,11462
1008195,11474
1008245,11460
1008295,11473
1008345,11445
1008395,11421
1008445,11395
1008495,11395
1008545,11329
1008595,11308
1008645,11298
1008695,11312
1008745,11290
1008795,11234
1008845,11204
1008895,11179
1008945,11219
1008995,11230
1009045,11234
1009095,11240
1009145,11238
1009195,11264
1009245,11256
1009295,11260
1009345,11252
1009395,11258
1009445,11258
1009495,11248
1009545,11240
1009595,11251
1009645,11262
1009695,11275
1009745,11277
1009795,11283
1009845,11297
1009895,11297
1009945,11310
1009995,11332
1010045,11305
1010095,11296
1010145,11300
1010195,11289
1010245,11292
1010295,11279
1010345,11297
1010395,11291
1010445,11285
1010495,11300
1010545,11287
1010595,11307
1010645,11320
1010695,11324
1010745,11347
1010795,11355
1010845,11373
1010895,11387
1010945,11374
1010995,11367
1011045,11360
1011095,11364
1011145,11371
1011195,11394
1011245,11398
1011295,11398
1011345,11397
1011395,11415
1011445,11425
1011495,11444
1011545,11456
1011595,11451
1011645,11471
1011695,11492
1011745,11508
1011795,11490
1011845,11484
1011895,11468
1011945,11465
1011995,11471
1012045,11428
1012095,11404
1012145,11367
1012195,11364
1012245,11372
1012295,11370
1012345,11407
1012395,11416
1012445,11436
1012496,11417
1012546,11422
1012596,11433
1012646,11408
1012695,11408
1012745,11468
1012795,11472
1012845,11459
1012895,11460
1012945,11460
1012995,11448
1013045,11453
1013095,11460
1013145,11479
1013195,11484
1013245,11475
1013295,11486
1013345,11497
1013395,11506
1013445,11516
1013495,11529
1013545,11517
1013595,11507
1013645,11509
1013695,11496
1013745,11488
1013795,11489
1013845,11484
1013895,11498
1013945,11496
1013995,11511
1014045,11521
1014095,11521
1014145,11532
1014195,11539
1014245,11520
1014295,11500
1014345,11485
1014395,11465
1014445,11468
1014495,11450
1014545,11457
1014595,11453
1014645,11448
1014695,11450
1014745,11440
1014795,11458
1014845,11448
1014895,11458
1014945,11460
1014995,11457
1015045,11493
1015095,11487
1015145,11503
1015195,11504
1015245,11489
1015295,11496
1015345,11474
1015395,11493
1015445,11479
1015495,11479
1015545,11486
1015595,11489
1015645,11482
1015695,11490
1015745,11503
1015795,11506
1015845,11512
1015895,11503
1015945,11524
1015995,11528
1016045,11519
1016095,11492
1016145,11482
1016195,11480
1016245,11483
1016295,11487
1016345,11461
1016395,11465
1016445,11475
1016495,11471
1016545,11485
1016595,11483
1016645,11494
1016695,11501
1016745,11494
1016795,11483
1016845,11455
1016895,11455
1016945,11448
1016995,11422
1017045,11398
1017095,11384
1017145,11356
1017195,11358
1017245,11359
1017295,11343
1017345,11361
1017395,11364
1017445,11389
1017496,11355
1017545,11346
1017596,11361
1017646,11332
1017695,11410
1017745,11392
1017795,11380
1017845,11358
1017895,11350
1017945,11362
1017995,11352
1018045,11362
1018095,11358
1018145,11357
1018195,11378
1018245,11388
1018295,11388
1018345,11408
1018395,11445
1018445,11511
1018495,11581
1018545,11625
1018595,11612
1018645,11575
1018695,11545
1018745,11524
1018795,11482
1018845,11481
1018895,11459
1018945,11436
1018995,11431
1019045,11406
1019095,11411
1019145,11408
1019195,11413
1019245,11413
1019295,11404
1019345,11414
1019395,11402
1019445,11396
1019495,11379
1019545,11352
1019595,11361
1019645,11347
1019695,11347
1019745,11344
1019795,11317
1019845,11291
1019895,11287
1019945,11283
1019995,11290
1020045,11298
1020095,11309
1020145,11338
1020195,11346
1020245,11341
1020295,11323
1020345,11326
1020395,11327
1020445,11326
1020495,11325
1020545,11300
1020595,11321
1020645,11318
1020695,11306
1020745,11327
1020795,11311
1020845,11346
1020895,11377
1020945,11398
1020995,11410
1021045,11403
1021095,11403
1021145,11390
1021195,11381
1021245,11364
1021295,11368
1021345,11347
1021395,11347
1021445,11329
1021495,11344
1021545,11335
1021595,11336
1021645,11319
1021695,11310
1021745,11320
1021795,11330
1021845,11327
1021895,11299
1021945,11269
1021995,11283
1022045,11272
1022095,11256
1022145,11231
1022195,11214
1022245,11215
1022295,11206
1022345,11193
1022395,11190
1022445,11178
1022496,11178
1022546,11163
1022596,11123
1022646,11083
1022695,11086
1022745,11050
1022795,11012
1022845,10953
1022895,10939
1022945,10960
1022995,10986
1023045,11031
1023095,11049
1023145,11075
1023195,11084
1023245,11065
1023295,11081
1023345,11075
1023395,11085
1023445,11099
1023495,11102
1023545,11113
1023595,11112
1023645,11150
1023695,11152
1023745,11169
1023795,11204
1023845,11204
1023895,11208
1023945,11220
1023995,11206
1024045,11202
1024095,11179
1024145,11123
1024195,11108
1024245,11098
1024295,11114
1024345,11109
1024395,11104
1024445,11115
1024495,11103
1024545,11090
1024595,11103
1024645,11104
1024695,11113
1024745,11126
1024795,11149
1024845,11161
1024895,11164
1024945,11168
1024995,11166
1025045,11176
1025095,11185
1025145,11216
1025195,11248
1025245,11248
1025295,11221
1025345,11215
1025395,11205
1025445,11210
1025495,11197
1025545,11175
1025595,11177
1025645,11175
1025695,11190
1025745,11189
1025795,11173
1025845,11188
1025895,11176
1025945,11187
1025995,11174
1026045,11162
1026095,11133
1026145,11089
1026195,11067
1026245,11045
1026295,11024
1026345,11019
1026395,11004
1026445,10997
1026495,10970
1026545,10964
1026595,10967
1026645,10967
1026695,10943
1026745,10916
1026795,10926
1026845,10979
1026895,11037
1026945,11070
1026995,11109
1027045,11123
1027095,11148
1027145,11140
1027195,11147
1027245,11183
1027295,11194
1027345,11225
1027395,11241
1027445,11253
1027495,11228
1027546,11206
1027596,11222
1027646,11174
1027695,11291
1027745,11292
1027795,11297
1027845,11315
1027895,11319
1027945,11325
1027995,11318
1028045,11318
1028095,11308
1028145,11318
1028195,11311
1028245,11328
1028295,11316
1028345,11318
1028395,11342
1028445,11342
1028495,11369
1028545,11359
1028595,11337
1028645,11325
1028695,11321
1028745,11328
1028795,11269
1028845,11198
1028895,11167
1028945,11142
1028995,11066
1029045,11028
1029095,11030
1029145,11059
1029195,11081
1029245,11111
1029295,11113
1029345,11138
1029395,11177
1029445,11177
1029495,11205
1029545,11230
1029595,11237
1029645,11238
1029695,11222
1029745,11212
1029795,11211
1029845,11194
1029895,11206
1029945,11206
1029995,11211
1030045,11214
1030095,11203
1030145,11222
1030195,11224
1030245,11230
1030295,11203
1030345,11180
1030395,11176
1030445,11162
1030495,11148
1030545,11111
1030595,11091
1030645,11146
1030695,11116
1030745,10992
1030795,10955
1030845,10955
1030895,10984
1030945,11038
1030995,11062
1031045,11091
1031095,11086
1031145,11078
1031195,11043
1031245,11005
1031295,11054
1031345,11106
1031395,11169
1031445,11156
1031495,11103
1031545,11085
1031595,11059
1031645,11046
1031695,11032
1031745,11064
1031795,11110
1031845,11155
1031895,11190
1031945,11192
1031995,11216
1032045,11233
1032095,11230
1032145,11247
1032195,11240
1032245,11240
1032295,11255
1032345,11269
1032395,11257
1032445,11247
1032495,11233
1032546,11189
1032596,11180
1032646,11173
1032695,11224
1032745,11229
1032795,11196
1032845,11172
1032895,11166
1032945,11178
1032995,11149
1033045,11138
1033095,11148
1033145,11132
1033195,11086
1033245,11070
1033295,11101
1033345,11125
1033395,11172
1033445,11192
1033495,11212
1033545,11229
1033595,11215
1033645,11215
1033695,11242
1033745,11292
1033795,11303
1033845,11327
1033895,11321
1033945,11337
1033995,11357
1034045,11332
1034095,11310
1034145,11289
1034195,11276
1034245,11268
1034295,11251
1034345,11243
1034395,11223
1034445,11221
1034495,11213
1034545,11192
1034595,11174
1034645,11145
1034695,11150
1034745,11194
1034795,11201
1034845,11178
1034895,11132
1034945,11137
1034995,11103
1035045,11103
1035095,11069
1035145,11059
1035195,11077
1035245,11054
1035295,11065
1035345,11110
1035395,11139
1035445,11145
1035495,11172
1035545,11211
1035595,11237
1035645,11246
1035695,11241
1035745,11254
1035795,11255
1035845,11246
1035895,11228
1035945,11226
1035995,11226
1036045,11235
1036095,11222
1036145,11220
1036195,11198
1036245,11199
1036295,11178
1036345,11173
1036395,11172
1036445,11172
1036495,11184
1036545,11193
1036595,11183
1036645,11181
1036695,11158
1036745,11148
1036795,11129
1036845,11129
1036895,11138
1036945,11115
1036995,11124
1037045,11118
1037095,11124
1037145,11135
1037195,10960
1037245,11075
1037295,11310
1037345,11379
1037395,11372
1037445,11302
1037495,11251
1037546,11138
1037595,11069
1037646,10956
1037695,11047
1037745,11037
1037795,11010
1037845,11010
1037895,11044
1037945,11061
1037995,11090
1038045,11139
1038095,10977
1038145,10865
1038195,10827
1038245,10670
1038295,10667
1038345,10703
1038395,10735
1038445,10760
1038495,10768
1038545,10816
1038595,10822
1038645,10810
1038695,10738
1038745,10675
1038795,10625
1038845,10618
1038895,10628
1038945,10639
1038995,10693
1039045,10707
1039095,10763
1039145,10797
1039195,10790
1039245,10790
1039295,10796
1039345,10790
1039395,10795
1039445,10824
1039495,10821
1039545,10888
1039595,10913
1039645,10918
1039695,10923
1039745,10987
1039795,10986
1039845,10938
1039895,10916
1039945,10978
1039995,10962
1040045,10911
1040095,10890
1040145,10937
1040195,10942
1040245,10933
1040295,10919
1040345,10847
1040395,10878
1040445,10887
1040495,10907
1040545,10969
1040595,10974
1040645,10974
1040695,11014
1040745,11017
1040795,11006
1040845,10988
1040895,10946
1040945,10964
1040995,10952
1041045,10985
1041095,11005
1041145,10995
1041195,11036
1041245,11018
1041295,10995
1041345,10992
1041395,10987
1041445,11023
1041495,11040
1041545,11081
1041595,11082
1041645,11084
1041695,11077
1041745,11051
1041795,11053
1041845,11048
1041895,11047
1041945,11082
1041995,11082
1042045,11099
1042095,11116
1042145,11106
1042195,11085
1042245,11099
1042295,11104
1042345,11138
1042395,11171
1042445,11189
1042496,11209
1042545,11138
1042595,11125
1042646,11090
1042695,11111
1042745,11133
1042795,11137
1042845,11174
1042895,11177
1042945,11198
1042995,11199
1043045,11196
1043095,11203
1043145,11192
1043195,11201
1043245,11205
1043295,11236
1043345,11234
1043395,11234
1043445,11232
1043495,11222
1043545,11185
1043595,11190
1043645,11196
1043695,11186
1043745,11226
1043795,11221
1043845,11231
1043895,11277
1043945,11279
1043995,11269
1044045,11261
1044095,11256
1044145,11265
1044195,11236
1044245,11252
1044295,11266
1044345,11319
1044395,11307
1044445,11037
1044495,11033
1044545,10971
1044595,10757
1044645,10749
1044695,10774
1044745,10755
1044795,10755
1044845,10774
1044895,10904
1044945,10947
1044995,10886
1045045,10929
1045095,10934
1045145,10945
1045195,10975
1045245,10982
1045295,11023
1045345,11057
1045395,11096
1045445,11133
1045495,11194
1045545,11242
1045595,11283
1045645,11294
1045695,11288
1045745,11294
1045795,11275
1045845,11266
1045895,11276
1045945,11251
1045995,11251
1046045,11257
1046095,11241
1046145,11248
1046195,11248
1046245,11259
1046295,11262
1046345,11262
1046395,11251
1046445,11262
1046495,11271
1046545,11282
1046595,11270
1046645,11249
1046695,11227
1046745,11217
1046795,11221
1046845,11217
1046895,11196
1046945,11205
1046995,11200
1047045,11223
1047095,11234
1047145,11217
1047195,11234
1047245,11233
1047295,11261
1047345,11259
1047395,11253
1047445,11223
1047495,11212
1047545,11156
1047597,11144
1047646,11144
1047695,11101
1047745,11191
1047795,11188
1047845,11210
1047895,11198
1047945,11203
1047995,11208
1048045,11222
1048095,11234
1048145,11229
1048195,11207
1048245,11192
1048295,11173
1048345,11171
1048395,11151
1048445,11147
1048495,11139
1048545,11148
1048595,11161
1048645,11156
1048695,11167
1048745,11191
1048795,11183
1048845,11201
1048895,11194
1048945,11223
1048995,11223
1049045,11219
1049095,11221
1049145,11201
1049195,11189
1049245,11182
1049295,11159
1049345,11161
1049395,11156
1049445,11131
1049495,11136
1049545,11131
1049595,11145
1049645,11153
1049695,11152
1049745,11161
1049795,11151
1049845,11170
1049895,11172
1049945,11178
1049995,11171
1050045,11147
1050095,11158
1050145,11148
1050195,11128
1050245,11113
1050295,11105
1050345,11124
1050395,11124
1050445,11112
1050495,11106
1050545,11110
1050595,11106
1050645,11121
1050695,11114
1050745,11106
1050795,11110
1050845,11116
1050895,11131
1050945,11109
1050995,11085
1051045,11076
1051095,11071
1051145,11074
1051195,11062
1051245,11039
1051295,11020
1051345,10997
1051395,11013
1051445,10979
1051495,10954
1051545,10870
1051595,10751
1051645,10762
1051695,10774
1051745,10840
1051795,10840
1051845,10865
1051895,10880
1051945,10900
1051995,10886
1052045,10922
1052095,10914
1052145,10929
1052195,10934
1052245,10930
1052295,10959
1052345,10970
1052395,10992
1052445,11014
1052495,11013
1052546,11009
1052596,10998
1052646,10972
1052696,11004
1052745,11035
1052795,11056
1052845,11052
1052895,11076
1052945,11069
1052995,11069
1053045,11103
1053095,11104
1053145,11119
1053195,11119
1053245,11128
1053295,11136
1053345,11157
1053395,11139
1053445,11136
1053495,11124
1053545,11116
1053595,11145
1053645,11124
1053695,11136
1053745,11130
1053795,11140
1053845,11154
1053895,11148
1053945,11177
1053995,11165
1054045,11169
1054095,11153
1054145,11117
1054195,11116
1054245,11097
1054295,11097
1054345,11090
1054395,11075
1054445,11077
1054495,11072
1054545,11079
1054595,11079
1054645,11075
1054695,11071
1054745,11093
1054795,11069
1054845,11069
1054895,11042
1054945,11017
1054995,11017
1055045,10978
1055095,10984
1055145,10986
1055195,10969
1055245,10980
1055295,10967
1055345,10966
1055395,10903
1055445,10841
1055495,10824
1055545,10802
1055595,10827
1055645,10829
1055695,10820
1055745,10831
1055795,10820
1055845,10829
1055895,10821
1055945,10824
1055995,10824
1056045,10834
1056095,10825
1056145,10841
1056195,10838
1056245,10851
1056295,10867
1056345,10860
1056395,10885
1056445,10880
1056495,10901
1056545,10906
1056595,10875
1056645,10871
1056695,10861
1056745,10873
1056795,10860
1056845,10863
1056895,10863
1056945,10861
1056995,10885
1057045,10895
1057095,10887
1057145,10912
1057195,10911
1057245,10936
1057295,10942
1057345,10938
1057395,10938
1057445,10931
1057495,10909
1057546,10931
1057596,10872
1057646,10869
1057696,10866
1057745,10917
1057795,10939
1057845,10950
1057895,10960
1057945,10957
1057995,10973
1058045,10992
1058095,10987
1058145,10991
1058195,11004
1058245,10987
1058295,10990
1058345,10975
1058395,10968
1058445,10985
1058495,10982
1058545,11015
1058595,10999
1058645,11003
1058695,11013
1058745,11002
1058795,11002
1058845,10993
1058895,10971
1058945,10980
1058995,10990
1059045,10981
1059095,10976
1059145,10906
1059195,10871
1059245,10890
1059295,10894
1059345,10919
1059395,10930
1059445,10953
1059495,10971
1059545,10966
1059595,10984
1059645,10971
1059695,10985
1059745,10977
1059795,10970
1059845,10988
1059895,10977
1059945,10984
1059995,10980
1060045,10982
1060095,10976
1060145,10976
1060195,10972
1060245,10995
1060295,11000
1060345,11009
1060395,11014
1060445,11019
1060495,11041
1060545,11041
1060595,11051
1060645,11064
1060695,11057
1060745,11076
1060795,11077
1060845,11067
1060895,11056
1060945,11047
1060995,11048
1061045,11034
1061095,11047
1061145,11050
1061195,11030
1061245,11039
1061295,11046
1061345,11055
1061395,11052
1061445,11049
1061495,11062
1061545,11062
1061595,11071
1061645,11082
1061695,11074
1061745,11038
1061795,11019
1061845,11000
1061895,10986
1061945,10961
1061995,10941
1062045,10938
1062095,10931
1062145,10949
1062195,10926
1062245,10896
1062295,10886
1062345,10867
1062395,10875
1062445,10862
1062495,10851
1062545,10836
1062596,10806
1062646,10766
1062695,10769
1062745,10795
1062795,10788
1062845,10782
1062895,10783
1062945,10783
1062995,10769
1063045,10776
1063095,10772
1063145,10774
1063195,10783
1063245,10778
1063295,10788
1063345,10796
1063395,10805
1063445,10835
1063495,10835
1063545,10829
1063595,10818
1063645,10814
1063695,10824
1063745,10821
1063795,10830
1063845,10825
1063895,10830
1063945,10830
1063995,10831
1064045,10834
1064095,10828
1064145,10832
1064195,10839
1064245,10825
1064295,10811
1064345,10811
1064395,10809
1064445,10813
1064495,10821
1064545,10809
1064595,10820
1064645,10821
1064695,10838
1064745,10841
1064795,10830
1064845,10835
1064895,10836
1064945,10848
1064995,10862
1065045,10853
1065095,10846
1065145,10812
1065195,10808
1065245,10806
1065295,10789
1065345,10788
1065395,10767
1065445,10771
1065495,10777
1065545,10771
1065595,10777
1065645,10769
1065695,10781
1065745,10781
1065795,10777
1065845,10772
1065895,10767
1065945,10746
1065995,10753
1066045,10742
1066095,10739
1066145,10743
1066195,10714
1066245,10724
1066295,10730
1066345,10733
1066395,10741
1066445,10743
1066495,10751
1066545,10752
1066595,10742
1066645,10725
1066695,10718
1066745,10730
1066795,10734
1066845,10740
1066895,10736
1066945,10721
1066995,10739
1067045,10741
1067095,10755
1067145,10755
1067195,10762
1067245,10757
1067295,10773
1067345,10758
1067395,10770
1067445,10765
1067495,10751
1067546,10756
1067596,10705
1067646,10720
1067695,10729
1067745,10770
1067795,10779
1067845,10778
1067895,10804
1067945,10808
1067995,10803
1068045,10791
1068095,10778
1068145,10783
1068195,10752
1068245,10722
1068295,10691
1068345,10653
1068395,10656
1068445,10679
1068495,10691
1068545,10691
1068595,10697
1068645,10679
1068695,10670
1068745,10656
1068795,10657
1068845,10643
1068895,10609
1068945,10566
1068995,10512
1069045,10529
1069095,10605
1069145,10665
1069195,10678
1069245,10661
1069295,10636
1069345,10639
1069395,10642
1069445,10654
1069495,10686
1069545,10716
1069595,10725
1069645,10722
1069695,10699
1069745,10643
1069795,10611
1069845,10626
1069895,10633
1069945,10633
1069995,10650
1070045,10704
1070095,10733
1070145,10719
1070195,10705
1070245,10696
1070295,10696
1070345,10716
1070395,10731
1070445,10739
1070495,10743
1070545,10747
1070595,10760
1070645,10768
1070695,10807
1070745,10823
1070795,10825
1070845,10854
1070895,10853
1070945,10867
1070995,10882
1071045,10877
1071095,10900
1071145,10879
1071195,10878
1071245,10863
1071295,10856
1071345,10856
1071395,10851
1071445,10847
1071495,10866
1071545,10858
1071595,10870
1071645,10876
1071695,10890
1071745,10906
1071795,10906
1071845,10920
1071895,10921
1071945,10929
1071995,10933
1072045,10912
1072095,10885
1072145,10889
1072195,10875
1072245,10885
1072295,10871
1072345,10878
1072395,10874
1072445,10882
1072495,10898
1072546,10880
1072596,10860
1072646,10821
1072696,10859
1072745,10859
1072795,10911
1072845,10872
1072895,10849
1072945,10825
1072995,10815
1073045,10804
1073095,10786
1073145,10783
1073195,10773
1073245,10783
1073295,10784
1073345,10780
1073395,10794
1073445,10785
1073495,10797
1073545,10800
1073595,10785
1073645,10765
1073695,10746
1073745,10743
1073795,10734
1073845,10720
1073895,10711
1073945,10707
1073995,10707
1074045,10711
1074095,10702
1074145,10702
1074195,10716
1074245,10712
1074295,10730
1074345,10733
1074395,10726
1074445,10726
1074495,10699
1074545,10700
1074595,10680
1074645,10677
1074695,10669
1074745,10669
1074795,10674
1074845,10670
1074895,10686
1074945,10685
1074995,10680
1075045,10709
1075095,10709
1075145,10713
1075195,10690
1075245,10682
1075295,10696
1075345,10690
1075395,10697
1075445,10679
1075495,10668
1075545,10668
1075595,10657
1075645,10624
1075695,10584
1075745,10566
1075795,10593
1075845,10626
1075895,10652
1075945,10670
1075995,10662
1076045,10676
1076095,10685
1076145,10689
1076195,10704
1076245,10701
1076295,10722
1076345,10733
1076395,10738
1076445,10755
1076495,10752
1076545,10769
1076595,10771
1076645,10781
1076695,10771
1076745,10758
1076795,10764
1076845,10755
1076895,10757
1076945,10757
1076995,10761
1077045,10760
1077095,10776
1077145,10774
1077195,10776
1077245,10779
1077295,10783
1077345,10801
1077395,10797
1077445,10810
1077495,10805
1077546,10783
1077596,10740
1077646,10712
1077696,10725
1077745,10740
1077795,10751
1077845,10764
1077895,10760
1077945,10769
1077995,10778
1078045,10767
1078095,10774
1078145,10786
1078195,10797
1078245,10791
1078295,10782
1078345,10782
1078395,10782
1078445,10776
1078495,10773
1078545,10768
1078595,10760
1078645,10756
1078695,10755
1078745,10768
1078795,10760
1078845,10773
1078895,10772
1078945,10770
1078995,10781
1079045,10788
1079095,10806
1079145,10803
1079195,10807
1079245,10804
1079295,10799
1079345,10798
1079395,10795
1079445,10794
1079495,10811
1079545,10819
1079595,10834
1079645,10844
1079695,10849
1079745,10849
1079795,10857
1079845,10874
1079895,10900
1079945,10910
1079995,10907
1080045,10905
1080095,10895
1080145,10901
1080195,10894
1080245,10904
1080295,10910
1080345,10914
1080395,10931
1080445,10929
1080495,10932
1080545,10948
1080595,10958
1080645,10968
1080695,10963
1080745,10961
1080795,10947
1080845,10935
1080895,10933
1080945,10919
1080995,10918
1081045,10923
1081095,10922
1081145,10922
1081195,10924
1081245,10929
1081295,10927
1081345,10927
1081395,10945
1081445,10955
1081495,10946
1081545,10926
1081595,10893
1081645,10894
1081695,10863
1081745,10841
1081795,10845
1081845,10839
1081895,10832
1081945,10833
1081995,10823
1082045,10840
1082095,10840
1082145,10866
1082195,10861
1082245,10876
1082295,10883
1082345,10859
1082395,10840
1082445,10819
1082495,10819
1082545,10802
1082596,10791
1082646,10742
1082695,10744
1082746,10734
1082795,10793
1082845,10798
1082895,10795
1082945,10808
1082995,10813
1083045,10820
1083095,10824
1083145,10789
1083195,10784
1083245,10778
1083295,10775
1083345,10767
1083395,10767
1083445,10764
1083495,10755
1083545,10773
1083595,10771
1083645,10782
1083695,10775
1083745,10774
1083795,10800
1083845,10800
1083895,10800
1083945,10806
1083995,10785
1084045,10762
1084095,10768
1084145,10758
1084195,10757
1084245,10744
1084295,10744
1084345,10745
1084395,10749
1084445,10754
1084495,10754
1084545,10752
1084595,10752
1084645,10767
1084695,10777
1084745,10777
1084795,10776
1084845,10771
1084895,10757
1084945,10756
1084995,10742
1085045,10740
1085095,10744
1085145,10746
1085195,10750
1085245,10742
1085295,10742
1085345,10744
1085395,10743
1085445,10747
1085495,10758
1085545,10751
1085595,10744
1085645,10747
1085695,10749
1085745,10741
1085795,10733
1085845,10734
1085895,10723
1085945,10718
1085995,10723
1086045,10717
1086095,10720
1086145,10716
1086195,10719
1086245,10734
1086295,10739
1086345,10746
1086395,10744
1086445,10766
1086495,10769
1086545,10768
1086595,10762
1086645,10767
1086695,10767
1086745,10774
1086795,10777
1086845,10779
1086895,10788
1086945,10788
1086995,10807
1087045,10820
1087095,10830
1087145,10851
1087195,10851
1087245,10868
1087295,10874
1087345,10870
1087395,10865
1087445,10861
1087495,10859
1087545,10858
1087596,10828
1087646,10795
1087696,10822
1087745,10840
1087795,10879
1087845,10897
1087895,10901
1087945,10910
1087995,10904
1088045,10896
1088095,10896
1088145,10891
1088195,10872
1088245,10856
1088295,10844
1088345,10850
1088395,10858
1088445,10847
1088495,10845
1088545,10842
1088595,10843
1088645,10849
1088695,10869
1088745,10859
1088795,10856
1088845,10852
1088895,10824
1088945,10807
1088995,10799
1089045,10785
1089095,10786
1089145,10787
1089195,10784
1089245,10795
1089295,10793
1089345,10799
1089395,10805
1089445,10806
1089495,10806
1089545,10830
1089595,10829
1089645,10843
1089695,10822
1089745,10798
1089795,10795
1089845,10783
1089895,10778
1089945,10763
1089995,10744
1090045,10727
1090095,10727
1090145,10720
1090195,10709
1090245,10703
1090295,10716
1090345,10739
1090395,10764
1090445,10738
1090495,10681
1090545,10652
1090595,10649
1090645,10658
1090695,10672
1090745,10679
1090795,10680
1090845,10692
1090895,10692
1090945,10709
1090995,10715
1091045,10732
1091095,10731
1091145,10736
1091195,10750
1091245,10755
1091295,10759
1091345,10738
1091395,10728
1091445,10725
1091495,10718
1091545,10720
1091595,10710
1091645,10710
1091695,10720
1091745,10723
1091795,10725
1091845,10727
1091895,10723
1091945,10739
1091995,10743
1092045,10746
1092095,10749
1092145,10763
1092195,10763
1092245,10753
1092295,10497
1092345,10733
1092395,10702
1092445,10693
1092495,10665
1092545,10636
1092595,10623
1092646,10581
1092696,10591
1092745,10592
1092795,10648
1092845,10666
1092895,10657
1092945,10645
1092995,10651
1093045,10659
1093095,10649
1093145,10643
1093195,10647
1093245,10631
1093295,10618
1093345,10609
1093395,10613
1093445,10643
1093495,10650
1093545,10665
1093595,10679
1093645,10692
1093695,10692
1093745,10704
1093795,10718
1093845,10725
1093895,10731
1093945,10730
1093995,10723
1094045,10726
1094095,10727
1094145,10733
1094195,10741
1094245,10751
1094295,10746
1094345,10746
1094395,10737
1094445,10735
1094495,10725
1094545,10725
1094595,10720
1094645,10709
1094695,10712
1094745,10694
1094795,10692
1094845,10703
1094895,10706
1094945,10712
1094995,10706
1095045,10702
1095095,10702
1095145,10711
1095195,10714
1095245,10724
1095295,10719
1095345,10707
1095395,10710
1095445,10714
1095495,10712
1095545,10683
1095595,10679
1095645,10676
1095695,10668
1095745,10652
1095795,10610
1095845,10596
1095895,10580
1095945,10571
1095995,10568
1096045,10560
1096095,10561
1096145,10567
1096195,10585
1096245,10577
1096295,10561
1096345,10567
1096395,10562
1096445,10577
1096495,10577
1096545,10594
1096595,10597
1096645,10605
1096695,10622
1096745,10638
1096795,10653
1096845,10666
1096895,10681
1096945,10682
1096995,10678
1097045,10682
1097095,10684
1097145,10693
1097195,10696
1097245,10700
1097295,10705
1097345,10716
1097395,10720
1097445,10722
1097495,10738
1097545,10739
1097596,10727
1097646,10660
1097696,10683
1097746,10685
1097795,10741
1097845,10733
1097895,10733
1097945,10735
1097995,10727
1098045,10741
1098095,10739
1098145,10745
1098195,10749
1098245,10747
1098295,10755
1098345,10758
1098395,10766
1098445,10766
1098495,10745
1098545,10739
1098595,10746
1098645,10757
1098695,10751
1098745,10752
1098795,10754
1098845,10758
1098895,10761
1098945,10766
1098995,10767
1099045,10778
1099095,10786
1099145,10797
1099195,10785
1099245,10786
1099295,10786
1099345,10791
1099395,10785
1099445,10783
1099495,10784
1099545,10786
1099595,10791
1099645,10793
1099695,10795
1099745,10803
1099795,10807
1099845,10813
1099895,10823
1099945,10841
1099995,10813
1100045,10803
1100095,10788
1100145,10764
1100195,10751
1100245,10744
1100295,10739
1100345,10742
1100395,10757
1100445,10763
1100495,10764
1100545,10745
1100595,10728
1100645,10735
1100695,10735
1100745,10751
1100795,10767
1100845,10763
1100895,10773
1100945,10792
1100995,10808
1101045,10819
1101095,10821
1101145,10840
1101195,10864
1101245,10884
1101295,10903
1101345,10911
1101395,10922
1101445,10944
1101495,10955
1101545,10963
1101595,10960
1101645,10959
1101695,10963
1101745,10948
1101795,10954
1101845,10938
1101895,10947
1101945,10948
1101995,10940
1102045,10949
1102095,10949
1102145,10936
1102195,10955
1102245,10961
1102295,10961
1102345,10959
1102395,10953
1102445,10977
1102495,10982
1102545,10959
1102596,10938
1102646,10867
1102696,10878
1102746,10874
1102795,10909
1102845,10915
1102895,10909
1102945,10903
1102995,10919
1103045,10916
1103095,10917
1103145,10919
1103195,10920
1103245,10931
1103295,10928
1103345,10905
1103395,10865
1103445,10863
1103495,10863
1103545,10846
1103595,10841
1103645,10844
1103695,10849
1103745,10824
1103795,10790
1103845,10763
1103895,10750
1103945,10743
1103995,10765
1104045,10769
1104095,10771
1104145,10756
1104195,10750
1104245,10737
1104295,10710
1104345,10700
1104395,10680
1104445,10667
1104495,10666
1104545,10659
1104595,10651
1104645,10647
1104695,10640
1104745,10629
1104795,10620
1104845,10620
1104895,10602
1104945,10572
1104995,10555
1105045,10547
1105095,10528
1105145,10473
1105195,10443
1105245,10435
1105295,10377
1105345,10367
1105395,10375
1105445,10381
1105495,10355
1105545,10353
1105595,10397
1105645,10391
1105695,10413
1105745,10433
1105795,10435
1105845,10427
1105895,10370
1105945,10366
1105995,10366
1106045,10276
1106095,10317
1106145,10361
1106195,10376
1106245,10376
1106295,10391
1106345,10395
1106395,10397
1106445,10422
1106495,10440
1106545,10449
1106595,10457
1106645,10446
1106695,10416
1106745,10363
1106795,10329
1106845,10302
1106895,10227
1106945,10201
1106995,10248
1107045,10296
1107095,10382
1107145,10358
1107195,10269
1107245,10281
1107295,10157
1107345,10153
1107395,10235
1107445,10304
1107495,10297
1107545,10292
1107596,10276
1107646,10233
1107696,10233
1107746,10319
1107795,10358
1107845,10193
1107895,10418
1107945,10623
1107995,10738
1108045,10762
1108095,10763
1108145,10743
1108195,10735
1108245,10725
1108295,10739
1108345,10713
1108395,10715
1108445,10717
1108495,10687
1108545,10659
1108595,10569
1108645,10546
1108695,10534
1108745,10519
1108795,10522
1108845,10557
1108895,10628
1108945,10682
1108995,10708
1109045,10708
1109095,10727
1109145,10713
1109195,10705
1109245,10703
1109295,10684
1109345,10683
1109395,10663
1109445,10650
1109495,10623
1109545,10616
1109595,10602
1109645,10578
1109695,10604
1109745,10624
1109795,10631
1109845,10648
1109895,10635
1109945,10635
1109995,10628
1110045,10624
1110095,10569
1110145,10552
1110195,10550
1110245,10542
1110295,10555
1110345,10509
1110395,10508
1110445,10508
1110495,10516
1110545,10505
1110595,10523
1110645,10507
1110695,10501
1110745,10545
1110795,10564
1110845,10553
1110895,10573
1110945,10566
1110995,10549
1111045,10436
1111095,10465
1111145,10615
1111195,10777
1111245,10867
1111295,10867
1111345,10823
1111395,10766
1111445,10729
1111495,10704
1111545,10722
1111595,10742
1111645,10680
1111695,10552
1111745,10531
1111795,10521
1111845,10521
1111895,10501
1111945,10489
1111995,10479
1112045,10487
1112095,10490
1112145,10491
1112195,10493
1112245,10522
1112295,10495
1112345,10510
1112395,10613
1112445,10701
1112495,10718
1112545,10695
1112596,10687
1112646,10640
1112696,10652
1112746,10647
1112795,10687
1112845,10722
1112895,10701
1112945,10689
1112995,10687
1113045,10685
1113095,10663
1113145,10664
1113195,10661
1113245,10661
1113295,10582
1113345,10530
1113395,10547
1113445,10520
1113495,10498
1113545,10535
1113595,10537
1113645,10548
1113695,10645
1113745,10574
1113795,10504
1113845,10547
1113895,10302
1113945,10218
1113995,10272
1114045,10204
1114095,10186
1114145,10204
1114195,10209
1114245,10254
1114295,10311
1114345,10387
1114395,10464
1114445,10497
1114495,10541
1114545,10552
1114595,10541
1114645,10541
1114695,10527
1114745,10499
1114795,10482
1114845,10477
1114895,10453
1114945,10439
1114995,10449
1115045,10486
1115095,10507
1115145,10489
1115195,10460
1115245,10460
1115295,10465
1115345,10426
1115395,10380
1115445,10339
1115495,10406
1115545,10479
1115595,10494
1115645,10503
1115695,10476
1115745,10490
1115795,10510
1115845,10488
1115895,10497
1115945,10501
1115995,10518
1116045,10518
1116095,10500
1116145,10485
1116195,10472
1116245,10459
1116295,10473
1116345,10460
1116395,10457
1116445,10466
1116495,10472
1116545,10498
1116595,10527
1116645,10513
1116695,10502
1116745,10504
1116795,10507
1116845,10489
1116895,10461
1116945,10432
1116995,10430
1117045,10430
1117095,10428
1117145,10432
1117195,10443
1117245,10450
1117295,10477
1117345,10479
1117395,10478
1117445,10478
1117495,10461
1117545,10433
1117595,10423
1117646,10400
1117696,10347
1117746,10325
1117795,10308
1117845,10377
1117895,10385
1117945,10409
1117995,10414
1118045,10424
1118095,10432
1118145,10432
1118195,10446
1118245,10455
1118295,10473
1118345,10473
1118395,10459
1118445,10471
1118495,10459
1118545,10450
1118595,10449
1118645,10438
1118695,10461
1118745,10454
1118795,10460
1118845,10460
1118895,10457
1118945,10445
1118995,10468
1119045,10465
1119095,10474
1119145,10484
1119195,10469
1119245,10475
1119295,10460
1119345,10465
1119395,10453
1119445,10443
1119495,10455
1119545,10453
1119595,10463
1119645,10450
1119695,10456
1119745,10464
1119795,10480
1119845,10495
1119895,10509
1119945,10515
1119995,10515
1120045,10481
1120095,10464
1120145,10451
1120195,10428
1120245,10428
1120295,10435
1120345,10440
1120395,10444
1120445,10446
1120495,10458
1120545,10476
1120595,10495
1120645,10532
1120695,10517
1120745,10531
1120795,10544
1120845,10543
1120895,10548
1120945,10526
1120995,10541
1121045,10553
1121095,10562
1121145,10579
1121195,10555
1121245,10552
1121295,10545
1121345,10536
1121395,10540
1121445,10519
1121495,10518
1121545,10507
1121595,10500
1121645,10500
1121695,10492
1121745,10503
1121795,10520
1121845,10518
1121895,10524
1121945,10525
1121995,10519
1122045,10526
1122095,10528
1122145,10551
1122195,10551
1122245,10543
1122295,10562
1122345,10557
1122395,10553
1122445,10549
1122495,10507
1122545,10482
1122595,10467
1122646,10389
1122696,10453
1122746,10460
1122795,10484
1122845,10514
1122895,10528
1122945,10534
1122995,10526
1123045,10526
1123095,10535
1123145,10531
1123195,10540
1123245,10538
1123295,10526
1123345,10535
1123395,10548
1123445,10552
1123495,10553
1123545,10548
1123595,10550
1123645,10564
1123695,10597
1123745,10587
1123795,10583
1123845,10566
1123895,10537
1123945,10526
1123995,10498
1124045,10520
1124095,10522
1124145,10529
1124195,10529
1124245,10532
1124295,10553
1124345,10549
1124395,10559
1124445,10559
1124495,10545
1124545,10501
1124595,10483
1124645,10472
1124695,10473
1124745,10491
1124795,10492
1124845,10529
1124895,10541
1124945,10554
1124995,10548
1125045,10520
1125095,10533
1125145,10527
1125195,10526
1125245,10534
1125295,10522
1125345,10532
1125395,10520
1125445,10521
1125495,10514
1125545,10515
1125595,10531
1125645,10529
1125695,10534
1125745,10530
1125795,10536
1125845,10536
1125895,10558
1125945,10554
1125995,10553
1126045,10555
1126095,10557
1126145,10574
1126195,10555
1126245,10540
1126295,10528
1126345,10519
1126395,10527
1126445,10516
1126495,10520
1126545,10506
1126595,10516
1126645,10523
1126695,10517
1126745,10526
1126795,10520
1126845,10529
1126895,10544
1126945,10546
1126995,10556
1127045,10543
1127095,10551
1127145,10534
1127195,10521
1127245,10521
1127295,10517
1127345,10506
1127395,10522
1127445,10518
1127495,10513
1127545,10508
1127595,10506
1127646,10528
1127695,10474
1127747,10478
1127796,10487
1127845,10533
1127895,10546
1127945,10558
1127995,10548
1128045,10552
1128095,10541
1128145,10535
1128195,10528
1128245,10522
1128295,10524
1128345,10529
1128395,10538
1128445,10545
1128495,10546
1128545,10557
1128595,10552
1128645,10552
1128695,10560
1128745,10553
1128795,10564
1128845,10584
1128895,10584
1128945,10602
1128995,10598
1129045,10586
1129095,10574
1129145,10557
1129195,10566
1129245,10553
1129295,10543
1129345,10540
1129395,10543
1129445,10545
1129495,10525
1129545,10534
1129595,10543
1129645,10536
1129695,10538
1129745,10533
1129795,10545
1129845,10544
1129895,10539
1129945,10523
1129995,10492
1130045,10492
1130095,10492
1130145,10481
1130195,10487
1130245,10486
1130295,10469
1130345,10449
1130395,10442
1130445,10438
1130495,10436
1130545,10431
1130595,10432
1130645,10439
1130695,10437
1130745,10438
1130795,10423
1130845,10409
1130895,10393
1130945,10396
1130995,10386
1131045,10371
1131095,10369
1131145,10365
1131195,10367
1131245,10368
1131295,10361
1131345,10368
1131395,10374
1131445,10374
1131495,10382
1131545,10375
1131595,10383
1131645,10398
1131695,10381
1131745,10377
1131795,10353
1131845,10349
1131895,10364
1131945,10358
1131995,10367
1132045,10356
1132095,10355
1132145,10368
1132195,10367
1132245,10380
1132295,10370
1132345,10371
1132395,10317
1132445,10223
1132495,10191
1132545,10141
1132595,10112
1132646,10015
1132696,9996
1132746,9984
1132795,9955
1132845,9955
1132895,9971
1132945,9962
1132995,9942
1133045,9940
1133095,9916
1133145,9901
1133195,9884
1133245,9873
1133295,9875
1133345,9856
1133395,9862
1133445,9844
1133495,9846
1133545,9845
1133595,9838
1133645,9846
1133695,9833
1133745,9808
1133795,9783
1133845,9760
1133895,9766
1133945,9769
1133995,9770
1134045,9756
1134095,9743
1134145,9762
1134195,9762
1134245,9746
1134295,9724
1134345,9689
1134395,9638
1134445,9608
1134495,9562
1134545,9515
1134595,9470
1134645,9456
1134695,9457
1134745,9462
1134795,9464
1134845,9471
1134895,9479
1134945,9506
1134995,9506
1135045,9516
1135095,9508
1135145,9527
1135195,9555
1135245,9560
1135295,9586
1135345,9596
1135395,9638
1135445,9679
1135495,9693
1135545,9723
1135595,9723
1135645,9709
1135695,9722
1135745,9749
1135795,9761
1135845,9763
1135895,9768
1135945,9803
1135995,9824
1136045,9825
1136095,9842
1136145,9850
1136195,9859
1136245,9854
1136295,9854
1136345,9869
1136395,9863
1136445,9880
1136495,9882
1136545,9879
1136595,9900
1136645,9889
1136695,9903
1136745,9918
1136795,9911
1136845,9910
1136895,9909
1136945,9931
1136995,9931
1137045,9939
1137095,9936
1137145,9947
1137195,9957
1137245,9977
1137295,9983
1137345,9993
1137395,9998
1137445,9998
1137495,10021
1137545,10029
1137595,10056
1137646,10042
1137696,10019
1137746,10052
1137796,10062
1137845,10120
1137895,10152
1137945,10143
1137995,10154
1138045,10154
1138095,10156
1138145,10164
1138195,10170
1138245,10191
1138295,10189
1138345,10200
1138395,10200
1138445,10221
1138495,10219
1138545,10232
1138595,10215
1138645,10217
1138695,10218
1138745,10213
1138795,10224
1138845,10205
1138895,10220
1138945,10228
1138995,10229
1139045,10232
1139095,10222
1139145,10213
1139195,10181
1139245,10169
1139295,10164
1139345,10146
1139395,10151
1139445,10144
1139495,10141
1139545,10131
1139595,10124
1139645,10138
1139695,10132
1139745,10097
1139795,10097
1139845,10072
1139895,10045
1139945,10050
1139995,10031
1140045,10019
1140095,10005
1140145,9999
1140195,10001
1140245,9984
1140295,9987
1140345,9978
1140395,9977
1140445,9971
1140495,9944
1140545,9925
1140595,9917
1140645,9912
1140695,9910
1140745,9916
1140795,9911
1140845,9916
1140895,9919
1140945,9945
1140995,9951
1141045,9958
1141095,9965
1141145,9958
1141195,9958
1141245,9964
1141295,9955
1141345,9965
1141395,9978
1141445,9980
1141495,9994
1141545,10002
1141595,10009
1141645,10017
1141695,10031
1141745,10049
1141795,10047
1141845,10058
1141895,10052
1141945,10051
1141995,10051
1142045,10037
1142095,10045
1142145,10034
1142195,10043
1142245,10034
1142295,10028
1142345,10038
1142395,10031
1142445,10043
1142495,10043
1142545,10042
1142595,10042
1142646,10040
1142696,9988
1142745,9967
1142796,9974
1142845,9965
1142895,10027
1142945,10021
1142995,10027
1143045,10019
1143095,10022
1143145,10036
1143195,10050
1143245,10058
1143295,10065
1143345,10061
1143395,10061
1143445,10066
1143495,10081
1143545,10083
1143595,10075
1143645,10089
1143695,10103
1143745,10119
1143795,10125
1143845,10133
1143895,10138
1143945,10156
1143995,10156
1144045,10180
1144095,10176
1144145,10178
1144195,10175
1144245,10184
1144295,10190
1144345,10191
1144395,10204
1144445,10192
1144495,10190
1144545,10213
1144595,10205
1144645,10221
1144695,10212
1144745,10217
1144795,10228
1144845,10201
1144895,10176
1144945,10143
1144995,10129
1145045,10137
1145095,10125
1145145,10130
1145195,10109
1145245,10116
1145295,10130
1145345,10128
1145395,10128
1145445,10132
1145495,10138
1145545,10124
1145595,10113
1145645,10111
1145695,10119
1145745,10111
1145795,10104
1145845,10095
1145895,10106
1145945,10119
1145995,10117
1146045,10131
1146095,10133
1146145,10153
1146195,10160
1146245,10136
1146295,10130
1146345,10123
1146395,10125
1146445,10158
1146495,10148
1146545,10161
1146595,10161
1146645,10176
1146695,10186
1146745,10198
1146795,10198
1146845,10215
1146895,10209
1146945,10213
1146995,10216
1147045,10221
1147095,10234
1147145,10245
1147195,10256
1147245,10270
1147295,10274
1147345,10282
1147395,10288
1147445,10309
1147495,10316
1147545,10306
1147595,10302
1147646,10257
1147696,10261
1147746,10263
1147796,10252
1147845,10292
1147895,10326
1147945,10334
1147995,10350
1148045,10359
1148095,10373
1148145,10373
1148195,10353
1148245,10355
1148295,10326
1148345,10333
1148395,10341
1148445,10330
1148495,10341
1148545,10343
1148595,10341
1148645,10360
1148695,10357
1148745,10372
1148795,10382
1148845,10392
1148895,10372
1148945,10364
1148995,10384
1149045,10377
1149095,10379
1149145,10375
1149195,10366
1149245,10396
1149295,10394
1149345,10405
1149395,10411
1149445,10413
1149495,10428
1149545,10428
1149595,10424
1149645,10411
1149695,10398
1149745,10398
1149795,10395
1149845,10397
1149895,10386
1149945,10385
1149995,10388
1150045,10399
1150095,10389
1150145,10391
1150195,10399
1150245,10408
1150295,10419
1150345,10412
1150395,10421
1150445,10409
1150495,10410
1150545,10407
1150595,10399
1150645,10400
1150695,10402
1150745,10395
1150795,10397
1150845,10399
1150895,10401
1150945,10401
1150995,10395
1151045,10412
1151095,10418
1151145,10414
1151195,10415
1151245,10411
1151295,10424
1151345,10427
1151395,10403
1151445,10384
1151495,10384
1151545,10376
1151595,10368
1151645,10346
1151695,10351
1151745,10338
1151795,10345
1151845,10332
1151895,10303
1151945,10304
1151995,10311
1152045,10314
1152095,10316
1152145,10303
1152195,10305
1152245,10302
1152295,10293
1152345,10293
1152395,10269
1152445,10245
1152495,10230
1152545,10206
1152595,10214
1152646,10199
1152696,10188
1152745,10130
1152796,10090
1152846,10066
1152895,10062
1152945,10035
1152995,10008
1153045,9992
1153095,10023
1153145,10027
1153195,10047
1153245,10023
1153295,10022
1153345,10046
1153395,10060
1153445,10058
1153495,10051
1153545,10067
1153595,10076
1153645,10088
1153695,10105
1153745,10105
1153795,10119
1153845,10131
1153895,10156
1153945,10170
1153995,10184
1154045,10199
1154095,10226
1154145,10225
1154195,10189
1154245,10161
1154295,10125
1154345,10104
1154395,10108
1154445,10082
1154495,10076
1154545,10066
1154595,10080
1154645,10091
1154695,10096
1154745,10109
1154795,10114
1154845,10139
1154895,10157
1154945,10159
1154995,10154
1155045,10140
1155095,10143
1155145,10143
1155195,10152
1155245,10150
1155295,10150
1155345,10161
1155395,10173
1155445,10168
1155495,10165
1155545,10173
1155595,10195
1155645,10205
1155695,10212
1155745,10219
1155795,10221
1155845,10211
1155895,10222
1155945,10224
1155995,10233
1156045,10236
1156095,10247
1156145,10271
1156195,10273
1156245,10292
1156295,10299
1156345,10311
1156395,10334
1156445,10340
1156495,10359
1156545,10359
1156595,10349
1156645,10345
1156695,10361
1156745,10354
1156795,10353
1156845,10357
1156895,10375
1156945,10371
1156995,10368
1157045,10380
1157095,10384
1157145,10399
1157195,10412
1157245,10407
1157295,10418
1157345,10410
1157395,10407
1157445,10404
1157495,10382
1157545,10378
1157595,10385
1157646,10297
1157696,10351
1157746,10329
1157796,10342
1157845,10355
1157895,10400
1157945,10400
1157995,10399
1158045,10404
1158095,10422
1158145,10420
1158195,10414
1158245,10394
1158295,10380
1158345,10394
1158395,10388
1158445,10391
1158495,10377
1158545,10369
1158595,10384
1158645,10382
1158695,10395
1158745,10388
1158795,10392
1158845,10407
1158895,10413
1158945,10423
1158995,10407
1159045,10391
1159095,10395
1159145,10389
1159195,10403
1159245,10390
1159295,10386
1159345,10386
1159395,10390
1159445,10391
1159495,10404
1159545,10396
1159595,10404
1159645,10405
1159695,10409
1159745,10419
1159795,10414
1159845,10411
1159895,10403
1159945,10397
1159995,10391
1160045,10378
1160095,10373
1160145,10383
1160195,10375
1160245,10381
1160295,10371
1160345,10394
1160395,10398
1160445,10406
1160495,10408
1160545,10409
1160595,10432
1160645,10416
1160695,10404
1160745,10404
1160795,10400
1160845,10387
1160895,10401
1160945,10397
1160995,10404
1161045,10409
1161095,10394
1161145,10409
1161195,10402
1161245,10429
1161295,10428
1161345,10413
1161395,10405
1161445,10390
1161495,10397
1161545,10396
1161595,10389
1161645,10389
1161695,10390
1161745,10411
1161795,10400
1161845,10413
1161895,10415
1161945,10415
1161995,10430
1162045,10421
1162095,10407
1162145,10407
1162195,10401
1162245,10382
1162295,10385
1162345,10393
1162395,10395
1162445,10391
1162495,10386
1162545,10396
1162595,10395
1162646,10398
1162696,10415
1162746,10352
1162796,10367
1162846,10351
1162895,10392
1162945,10384
1162995,10368
1163045,10375
1163095,10379
1163145,10382
1163195,10383
1163245,10378
1163295,10384
1163345,10393
1163395,10412
1163445,10414
1163495,10410
1163545,10410
1163595,10423
1163645,10425
1163695,10425
1163745,10410
1163795,10403
1163845,10389
1163895,10382
1163945,10391
1163995,10383
1164045,10397
1164095,10395
1164145,10380
1164195,10390
1164245,10402
1164295,10416
1164345,10418
1164395,10413
1164445,10424
1164495,10434
1164545,10441
1164595,10425
1164645,10413
1164695,10409
1164745,10407
1164795,10425
1164845,10414
1164895,10406
1164945,10406
1164995,10409
1165045,10410
1165095,10430
1165145,10431
1165195,10438
1165245,10432
1165295,10429
1165345,10442
1165395,10449
1165445,10454
1165495,10449
1165545,10427
1165595,10431
1165645,10424
1165695,10437
1165745,10435
1165795,10433
1165845,10428
1165895,10425
1165945,10443
1165995,10441
1166045,10438
1166095,10443
1166145,10447
1166195,10457
1166245,10458
1166295,10448
1166345,10448
1166395,10438
1166445,10444
1166495,10444
1166545,10431
1166595,10425
1166645,10423
1166695,10437
1166745,10449
1166795,10433
1166845,10440
1166895,10452
1166945,10455
1166995,10462
1167045,10450
1167095,10463
1167145,10469
1167195,10467
1167245,10468
1167295,10459
1167345,10460
1167395,10464
1167445,10461
1167495,10468
1167545,10460
1167595,10480
1167646,10430
1167696,10482
1167746,10482
1167796,10472
1167846,10475
1167895,10484
1167945,10518
1167995,10515
1168045,10503
1168095,10449
1168145,10420
1168195,10376
1168245,10381
1168295,10373
1168345,10374
1168395,10401
1168445,10422
1168495,10448
1168545,10461
1168595,10466
1168645,10495
1168695,10502
1168745,10531
1168795,10545
1168845,10550
1168895,10556
1168945,10558
1168995,10582
1169045,10583
1169095,10584
1169145,10584
1169195,10605
1169245,10610
1169295,10615
1169345,10606
1169395,10591
1169445,10594
1169495,10583
1169545,10566
1169595,10515
1169645,10490
1169695,10488
1169745,10490
1169795,10504
1169845,10499
1169895,10510
1169945,10524
1169995,10528
1170045,10550
1170095,10544
1170145,10562
1170195,10577
1170245,10585
1170295,10585
1170345,10567
1170395,10561
1170445,10557
1170495,10557
1170545,10557
1170595,10561
1170645,10556
1170695,10576
1170745,10571
1170795,10577
1170845,10566
1170895,10572
1170945,10595
1170995,10549
1171045,10580
1171095,10586
1171145,10536
1171195,10487
1171245,10458
1171295,10448
1171345,10386
1171395,10318
1171445,10306
1171495,10301
1171545,10321
1171595,10337
1171645,10356
1171695,10376
1171745,10393
1171795,10416
1171845,10412
1171895,10426
1171945,10426
1171995,10450
1172045,10443
1172095,10442
1172145,10421
1172195,10410
1172245,10413
1172295,10418
1172345,10428
1172395,10411
1172445,10416
1172495,10426
1172545,10430
1172595,10450
1172646,10399
1172696,10450
1172746,10410
1172796,10413
1172846,10428
1172895,10452
1172945,10476
1172995,10458
1173045,10454
1173095,10453
1173145,10439
1173195,10461
1173245,10455
1173295,10462
1173345,10462
1173395,10460
1173445,10456
1173495,10474
1173545,10469
1173595,10476
1173645,10485
1173695,10478
1173745,10508
1173795,10512
1173845,10530
1173895,10514
1173945,10506
1173995,10506
1174045,10496
1174095,10502
1174145,10492
1174195,10481
1174245,10498
1174295,10496
1174345,10515
1174395,10520
1174445,10526
1174495,10535
1174545,10556
1174595,10565
1174645,10579
1174695,10573
1174745,10573
1174795,10599
1174845,10582
1174895,10586
1174945,10579
1174995,10581
1175045,10589
1175095,10590
1175145,10594
1175195,10584
1175245,10601
1175295,10606
1175345,10611
1175395,10628
1175445,10621
1175495,10633
1175545,10651
1175595,10654
1175645,10650
1175695,10635
1175745,10637
1175795,10633
1175845,10631
1175895,10634
1175945,10615
1175995,10624
1176045,10633
1176095,10639
1176145,10639
1176195,10646
1176245,10643
1176295,10647
1176345,10659
1176395,10667
1176445,10673
1176495,10668
1176545,10670
1176595,10667
1176645,10667
1176695,10647
1176745,10625
1176795,10625
1176845,10622
1176895,10624
1176945,10620
1176995,10605
1177045,10611
1177095,10610
1177145,10623
1177195,10614
1177245,10617
1177295,10612
1177345,10611
1177395,10610
1177445,10583
1177495,10568
1177545,10568
1177595,10548
1177646,10534
1177697,10511
1177746,10526
1177795,10484
1177846,10471
1177896,10475
1177945,10512
1177995,10512
1178045,10497
1178095,10495
1178145,10494
1178195,10500
1178245,10498
1178295,10499
1178345,10465
1178395,10454
1178445,10433
1178495,10428
1178545,10423
1178595,10404
1178645,10406
1178695,10410
1178745,10402
1178795,10401
1178845,10404
1178895,10413
1178945,10413
1178995,10426
1179045,10421
1179095,10419
1179145,10425
1179195,10441
1179245,10425
1179295,10410
1179345,10389
1179395,10381
1179445,10400
1179495,10395
1179545,10381
1179595,10377
1179645,10372
1179695,10396
1179745,10398
1179795,10403
1179845,10409
1179895,10410
1179945,10427
1179995,10433
1180045,10434
1180095,10416
1180145,10407
1180195,10418
1180245,10408
1180295,10417
1180345,10417
1180395,10407
1180445,10408
1180495,10425
1180545,10426
1180595,10427
1180645,10429
1180695,10430
1180745,10450
1180795,10449
1180845,10468
1180895,10461
1180945,10460
1180995,10458
1181045,10446
1181095,10442
1181145,10441
1181195,10459
1181245,10458
1181295,10452
1181345,10453
1181395,10460
1181445,10468
1181495,10473
1181545,10476
1181595,10482
1181645,10495
1181695,10513
1181745,10513
1181795,10523
1181845,10518
1181895,10504
1181945,10495
1181995,10499
1182045,10495
1182095,10490
1182145,10486
1182195,10495
1182245,10506
1182295,10518
1182345,10505
1182395,10515
1182445,10528
1182495,10537
1182545,10534
1182595,10534
1182646,10485
1182695,10543
1182746,10494
1182796,10475
1182846,10474
1182896,10500
1182945,10524
1182995,10530
1183045,10520
1183095,10520
1183145,10520
1183195,10523
1183245,10533
1183295,10537
1183345,10535
1183395,10545
1183445,10550
1183495,10572
1183545,10584
1183595,10582
1183645,10567
1183695,10576
1183745,10564
1183795,10572
1183845,10564
1183895,10574
1183945,10570
1183995,10583
1184045,10577
1184095,10576
1184145,10579
1184195,10588
1184245,10600
1184295,10601
1184345,10605
1184395,10606
1184445,10593
1184495,10599
1184545,10599
1184595,10580
1184645,10575
1184695,10567
1184745,10556
1184795,10563
1184845,10553
1184895,10562
1184945,10551
1184995,10550
1185045,10560
1185095,10556
1185145,10566
1185195,10567
1185245,10562
1185295,10586
1185345,10577
1185395,10576
1185445,10548
1185495,10547
1185545,10540
1185595,10530
1185645,10536
1185695,10531
1185745,10529
1185795,10535
1185845,10528
1185895,10527
1185945,10527
1185995,10534
1186045,10545
1186095,10542
1186145,10532
1186195,10539
1186245,10546
1186295,10550
1186345,10531
1186395,10514
1186445,10511
1186495,10506
1186545,10509
1186595,10501
1186645,10489
1186695,10492
1186745,10496
1186795,10507
1186845,10502
1186895,10512
1186945,10523
1186995,10503
1187045,10492
1187095,10468
1187145,10458
1187195,10459
1187245,10445
1187295,10444
1187345,10444
1187395,10417
1187445,10427
1187495,10450
1187545,10447
1187595,10447
1187646,10415
1187695,10395
1187746,10397
1187796,10361
1187846,10389
1187895,10416
1187945,10468
1187995,10449
1188045,10444
1188095,10439
1188145,10408
1188195,10386
1188245,10377
1188295,10348
1188345,10322
1188395,10292
1188445,10299
1188495,10275
1188545,10262
1188595,10253
1188645,10242
1188695,10248
1188745,10248
1188795,10256
1188845,10257
1188895,10261
1188945,10266
1188995,10289
1189045,10270
1189095,10274
1189145,10248
1189195,10216
1189245,10224
1189295,10215
1189345,10230
1189395,10224
1189445,10215
1189495,10208
1189545,10190
1189595,10194
1189645,10166
1189695,10135
1189745,10115
1189795,10137
1189845,10141
1189895,10126
1189945,10129
1189995,10126
1190045,10112
1190095,10115
1190145,10115
1190195,10113
1190245,10143
1190295,10172
1190345,10202
1190395,10209
1190445,10193
1190495,10176
1190545,10151
1190595,10151
1190645,10092
1190695,10030
1190745,9988
1190795,9941
1190845,9938
1190895,9935
1190945,9912
1190995,9912
1191045,9903
1191095,9892
1191145,9868
1191195,9850
1191245,9869
1191295,9886
1191345,9908
1191395,9938
1191445,9966
1191495,9997
1191545,9997
1191595,10041
1191645,10074
1191695,10094
1191745,10096
1191795,10121
1191845,10138
1191895,10143
1191945,10140
1191995,10134
1192045,10138
1192095,10144
1192145,10153
1192195,10165
1192245,10169
1192295,10179
1192345,10194
1192395,10203
1192445,10205
1192495,10211
1192545,10205
1192595,10197
1192646,10132
1192695,10182
1192746,10158
1192796,10135
1192846,10146
1192896,10174
1192945,10174
1192995,10234
1193045,10242
1193095,10237
1193145,10239
1193195,10216
1193245,10196
1193295,10183
1193345,10166
1193395,10167
1193445,10163
1193495,10175
1193545,10191
1193595,10198
1193645,10219
1193695,10214
1193745,10216
1193795,10238
1193845,10235
1193895,10258
1193945,10252
1193995,10256
1194045,10259
1194095,10259
1194145,10259
1194195,10252
1194245,10256
1194295,10267
1194345,10267
1194395,10267
1194445,10280
1194495,10273
1194545,10281
1194595,10301
1194645,10306
1194695,10323
1194745,10323
1194795,10334
1194845,10341
1194895,10331
1194945,10347
1194995,10338
1195045,10369
1195095,10388
1195145,10395
1195195,10408
1195245,10404
1195295,10423
1195345,10431
1195395,10444
1195445,10453
1195495,10454
1195545,10441
1195595,10440
1195645,10437
1195695,10437
1195745,10436
1195795,10434
1195845,10439
1195895,10437
1195945,10460
1195995,10476
1196045,10471
1196095,10485
1196145,10489
1196195,10513
1196245,10520
1196295,10520
1196345,10506
1196395,10496
1196445,10499
1196495,10498
1196545,10494
1196595,10493
1196645,10485
1196695,10505
1196745,10509
1196795,10517
1196845,10514
1196895,10517
1196945,10538
1196995,10543
1197045,10541
1197095,10541
1197145,10522
1197195,10506
1197245,10517
1197295,10498
1197345,10509
1197395,10500
1197445,10500
1197495,10513
1197545,10512
1197595,10521
1197646,10506
1197695,10518
1197746,10525
1197796,10490
1197846,10488
1197896,10477
1197945,10512
1197995,10519
1198045,10519
1198095,10527
1198145,10517
1198195,10529
1198245,10538
1198295,10533
1198345,10535
1198395,10540
1198445,10557
1198495,10557
1198545,10563
1198595,10553
1198645,10555
1198695,10542
1198745,10546
1198795,10550
1198845,10550
1198895,10552
1198945,10542
1198995,10554
1199045,10563
1199095,10575
1199145,10578
1199195,10575
1199245,10572
1199295,10579
1199345,10579
1199395,10558
1199445,10547
1199495,10543
1199545,10536
1199595,10551
1199645,10550
1199695,10545
1199745,10542
1199795,10539
1199845,10558
1199895,10558
1199945,10564
1199995,10562
1200045,10562
1200095,10545
1200145,10548
1200195,10535
1200245,10539
1200295,10528
1200345,10521
1200395,10531
1200445,10535
1200495,10537
1200545,10541
1200595,10527
1200645,10540
1200695,10559
1200745,10557
1200795,10538
1200845,10525
1200895,10522
1200945,10529
1200995,10542
1201045,10524
1201095,10498
1201145,10485
1201195,10455
1201245,10457
1201295,10457
1201345,10456
1201395,10455
1201445,10473
1201495,10457
1201545,10441
1201595,10430
1201645,10452
1201695,10472
1201745,10493
1201795,10496
1201845,10494
1201895,10488
1201945,10493
1201995,10504
1202045,10511
1202095,10508
1202145,10527
1202195,10535
1202245,10510
1202295,10501
1202345,10488
1202395,10511
1202445,10507
1202495,10500
1202545,10500
1202595,10499
1202646,10467
1202695,10467
1202745,10521
1202796,10506
1202846,10487
1202896,10487
1202945,10485
1202995,10523
1203045,10519
1203095,10515
1203145,10498
1203195,10506
1203245,10503
1203295,10492
1203345,10487
1203395,10527
1203445,10562
1203495,10591
1203545,10614
1203595,10629
1203645,10624
1203695,10611
1203745,10590
1203795,10588
1203845,10575
1203895,10559
1203945,10553
1203995,10557
1204045,10564
1204095,10564
1204145,10555
1204195,10568
1204245,10565
1204295,10562
1204345,10583
1204395,10589
1204445,10597
1204495,10569
1204545,10566
1204595,10580
1204645,10572
1204695,10585
1204745,10576
1204795,10576
1204845,10585
1204895,10595
1204945,10599
1204995,10597
1205045,10616
1205095,10619
1205145,10616
1205195,10624
1205245,10617
1205295,10615
1205345,10610
1205395,10600
1205445,10600
1205495,10616
1205545,10617
1205595,10631
1205645,10625
1205695,10623
1205745,10632
1205795,10642
1205845,10658
1205895,10653
1205945,10658
1205995,10667
1206045,10649
1206095,10645
1206145,10636
1206195,10633
1206245,10641
1206295,10641
1206345,10647
1206395,10638
1206445,10645
1206495,10659
1206545,10657
1206595,10671
1206645,10662
1206695,10669
1206745,10676
1206795,10652
1206845,10652
1206895,10653
1206945,10627
1206995,10642
1207045,10643
1207095,10639
1207145,10635
1207195,10632
1207245,10643
1207295,10645
1207345,10643
1207395,10650
1207445,10647
1207495,10663
1207545,10658
1207595,10638
1207646,10597
1207695,10607
1207746,10603
1207796,10551
1207846,10547
1207896,10555
1207945,10584
1207995,10603
1208045,10603
1208095,10613
1208145,10614
1208195,10616
1208245,10616
1208295,10615
1208345,10612
1208395,10608
1208445,10585
1208495,10568
1208545,10564
1208595,10563
1208645,10565
1208695,10555
1208745,10561
1208795,10551
1208845,10563
1208895,10575
1208945,10572
1208995,10575
1209045,10576
1209095,10574
1209145,10578
1209195,10550
1209245,10554
1209295,10545
1209345,10531
1209395,10541
1209445,10537
1209495,10540
1209545,10526
1209595,10538
1209645,10538
1209695,10551
1209745,10544
1209795,10556
1209845,10554
1209895,10557
1209945,10558
1209995,10531
1210045,10527
1210095,10504
1210145,10503
1210195,10503
1210245,10499
1210295,10500
1210345,10501
1210395,10496
1210445,10495
1210495,10498
1210545,10500
1210595,10496
1210645,10498
1210695,10503
1210745,10510
1210795,10488
1210845,10484
1210895,10472
1210945,10462
1210995,10463
1211045,10463
1211095,10465
1211145,10457
1211195,10455
1211245,10455
1211295,10462
1211345,10470
1211395,10470
1211445,10472
1211495,10475
1211545,10488
1211595,10485
1211645,10470
1211695,10458
1211745,10449
1211795,10447
1211845,10444
1211895,10440
1211945,10437
1211995,10426
1212045,10446
1212095,10442
1212145,10445
1212195,10443
1212245,10443
1212295,10456
1212345,10453
1212395,10444
1212445,10444
1212495,10443
1212545,10427
1212595,10427
1212646,10410
1212695,10377
1212746,10401
1212796,10401
1212846,10351
1212896,10346
1212946,10346
1212995,10407
1213045,10408
1213095,10419
1213145,10409
1213195,10417
1213245,10429
1213295,10406
1213345,10388
1213395,10374
1213445,10373
1213495,10364
1213545,10361
1213595,10361
1213645,10351
1213695,10341
1213745,10345
1213795,10342
1213845,10342
1213895,10329
1213945,10317
1213995,10310
1214045,10290
1214095,10279
1214145,10264
1214195,10246
1214245,10235
1214295,10221
1214345,10226
1214395,10223
1214445,10220
1214495,10224
1214545,10223
1214595,10237
1214645,10235
1214695,10216
1214745,10201
1214795,10171
1214845,10164
1214895,10149
1214945,10146
1214995,10154
1215045,10131
1215095,10142
1215145,10149
1215195,10149
1215245,10150
1215295,10154
1215345,10147
1215395,10153
1215445,10138
1215495,10137
1215545,10126
1215595,10116
1215645,10116
1215695,10121
1215745,10127
1215795,10132
1215845,10119
1215895,10126
1215945,10137
1215995,10140
1216045,10134
1216095,10089
1216145,10076
1216195,10064
1216245,10067
1216295,10063
1216345,10050
1216395,10048
1216445,10056
1216495,10065
1216545,10058
1216595,10058
1216645,10061
1216695,10059
1216745,10066
1216795,10083
1216845,10085
1216895,10068
1216945,10033
1216995,10019
1217045,10012
1217095,10000
1217145,9996
1217195,9976
1217245,9972
1217295,9986
1217345,9977
1217395,9991
1217445,9985
1217495,9976
1217545,9981
1217595,9993
1217646,9954
1217695,9979
1217745,9958
1217796,9924
1217845,9915
1217896,9920
1217945,9930
1217995,9930
1218045,9943
1218095,9940
1218145,9918
1218195,9888
1218245,9873
1218295,9844
1218345,9854
1218395,9875
1218445,9900
1218495,9913
1218545,9924
1218595,9920
1218645,9928
1218695,9954
1218745,9961
1218795,9977
1218845,9989
1218895,10010
1218945,10038
1218995,10045
1219045,10065
1219095,10071
1219145,10099
1219195,10113
1219245,10113
1219295,10118
1219345,10099
1219395,10099
1219445,10101
1219495,10096
1219545,10093
1219595,10103
1219645,10108
1219695,10125
1219745,10106
1219795,10060
1219845,10041
1219895,10067
1219945,10113
1219995,10152
1220045,10167
1220095,10170
1220145,10147
1220195,10186
1220245,10190
1220295,10178
1220345,10171
1220395,10148
1220445,10154
1220495,10136
1220545,10122
1220595,10138
1220645,10140
1220695,10166
1220745,10173
1220795,10173
1220845,10174
1220895,10181
1220945,10174
1220995,10173
1221045,10159
1221095,10158
1221145,10149
1221195,10136
1221245,10157
1221295,10158
1221345,10158
1221395,10150
1221445,10146
1221495,10164
1221545,10162
1221595,10172
1221645,10174
1221695,10171
1221745,10185
1221795,10162
1221845,10142
1221895,10132
1221945,10124
1221995,10138
1222045,10133
1222095,10121
1222145,10128
1222195,10128
1222245,10133
1222295,10142
1222345,10145
1222395,10157
1222445,10142
1222495,10152
1222545,10158
1222595,10154
1222646,10154
1222695,10132
1222745,10109
1222796,10105
1222847,10044
1222896,10044
1222945,10039
1222995,10083
1223045,10096
1223095,10089
1223145,10103
1223195,10110
1223245,10118
1223295,10109
1223345,10103
1223395,10091
1223445,10083
1223495,10070
1223545,10054
1223595,10054
1223645,10054
1223695,10062
1223745,10049
1223795,10046
1223845,10072
1223895,10066
1223945,10076
1223995,10064
1224045,10086
1224095,10093
1224145,10103
1224195,10103
1224245,10106
1224295,10127
1224345,10130
1224395,10121
1224445,10110
1224495,10105
1224545,10110
1224595,10116
1224645,10118
1224695,10117
1224745,10112
1224795,10130
1224845,10138
1224895,10133
1224945,10137
1224995,10137
1225045,10134
1225095,10164
1225145,10153
1225195,10152
1225245,10130
1225295,10118
1225345,10128
1225395,10114
1225445,10105
1225495,10097
1225545,10091
1225595,10088
1225645,10079
1225695,10086
1225745,10068
1225795,10077
1225845,10084
1225895,10073
1225945,10094
1225995,10086
1226045,10083
1226095,10083
1226145,10066
1226195,10064
1226245,10061
1226295,10072
1226345,10072
1226395,10075
1226445,10068
1226495,10065
1226545,10063
1226595,10075
1226645,10094
1226695,10085
1226745,10099
1226795,10100
1226845,10120
1226895,10109
1226945,10096
1226995,10091
1227045,10079
1227095,10093
1227145,10103
1227195,10083
1227245,10092
1227295,10093
1227345,10107
1227395,10113
1227445,10111
1227495,10119
1227545,10122
1227595,10141
1227646,10106
1227695,10120
1227745,10120
1227796,10121
1227846,10074
1227896,10063
1227946,10057
1227995,10069
1228045,10114
1228095,10120
1228145,10137
1228195,10134
1228245,10121
1228295,10116
1228345,10126
1228395,10132
1228445,10122
1228495,10078
1228545,10029
1228595,9966
1228645,9938
1228695,9911
1228745,9897
1228795,9880
1228845,9876
1228895,9877
1228945,9886
1228995,9900
1229045,9882
1229095,9881
1229145,9881
1229195,9883
1229245,9857
1229295,9859
1229345,9860
1229395,9873
1229445,9891
1229495,9906
1229545,9937
1229595,9936
1229645,9929
1229695,9966
1229745,9993
1229795,10043
1229845,10048
1229895,10055
1229945,10104
1229995,10162
1230045,10249
1230095,10247
1230145,10288
1230195,10438
1230245,10505
1230295,10502
1230345,10469
1230395,10455
1230445,10442
1230495,10434
1230545,10434
1230595,10408
1230645,10344
1230695,10287
1230745,10257
1230795,10234
1230845,10237
1230895,10222
1230945,10211
1230995,10180
1231045,10151
1231095,10135
1231145,10115
1231195,10107
1231245,10102
1231295,10125
1231345,10148
1231395,10167
1231445,10181
1231495,10189
1231545,10192
1231595,10204
1231645,10199
1231695,10213
1231745,10187
1231795,10164
1231845,10181
1231895,10181
1231945,10181
1231995,10177
1232045,10190
1232095,10194
1232145,10196
1232195,10187
1232245,10187
1232295,10200
1232345,10201
1232395,10220
1232445,10224
1232495,10248
1232545,10264
1232595,10278
1232646,10272
1232695,10295
1232745,10304
1232796,10318
1232845,10279
1232896,10291
1232946,10299
1232995,10365
1233045,10383
1233095,10409
1233145,10422
1233195,10407
1233245,10405
1233295,10405
1233345,10405
1233395,10405
1233445,10362
1233495,10311
1233545,10305
1233595,10281
1233645,10276
1233695,10240
1233745,10234
1233795,10226
1233845,10219
1233895,10210
1233945,10194
1233995,10191
1234045,10209
1234095,10215
1234145,10234
1234195,10241
1234245,10267
1234295,10288
1234345,10304
1234395,10323
1234445,10323
1234495,10295
1234545,10298
1234595,10286
1234645,10283
1234695,10279
1234745,10279
1234795,10264
1234845,10274
1234895,10267
1234945,10272
1234995,10267
1235045,10269
1235095,10280
1235145,10283
1235195,10295
1235245,10287
1235295,10295
1235345,10306
1235395,10293
1235445,10275
1235495,10254
1235545,10276
1235595,10278
1235645,10251
1235695,10246
1235745,10230
1235795,10201
1235845,10175
1235895,10161
1235945,10179
1235995,10141
1236045,10151
1236095,10151
1236145,10149
1236195,10156
1236245,10158
1236295,10122
1236345,10092
1236395,10067
1236445,10058
1236495,10061
1236545,10060
1236595,10067
1236645,10066
1236695,10050
1236745,10044
1236795,10013
1236845,10003
1236895,10018
1236945,10023
1236995,10055
1237045,10057
1237095,10067
1237145,10068
1237195,10063
1237245,10064
1237295,10043
1237345,10061
1237395,10076
1237445,10091
1237495,10091
1237545,10111
1237595,10108
1237646,10131
1237695,10126
1237745,10168
1237796,10180
1237846,10152
1237896,10145
1237945,10139
1237995,10173
1238045,10232
1238095,10191
1238145,10184
1238195,10176
1238245,10195
1238295,10190
1238345,10163
1238395,10155
1238445,10158
1238495,10174
1238545,10169
1238595,10169
1238645,10171
1238695,10186
1238745,10199
1238795,10203
1238845,10200
1238895,10200
1238945,10182
1238995,10172
1239045,10172
1239095,10155
1239145,10150
1239195,10154
1239245,10142
1239295,10161
1239345,10160
1239395,10159
1239445,10163
1239495,10172
1239545,10185
1239595,10184
1239645,10185
1239695,10205
1239745,10209
1239795,10202
1239845,10183
1239895,10174
1239945,10173
1239995,10175
1240045,10183
1240095,10178
1240145,10180
1240195,10183
1240245,10191
1240295,10191
1240345,10197
1240395,10201
1240445,10200
1240495,10208
1240545,10215
1240595,10232
1240645,10234
1240695,10236
1240745,10210
1240795,10208
1240845,10210
1240895,10208
1240945,10215
1240995,10201
1241045,10208
1241095,10221
1241145,10223
1241195,10235
1241245,10231
1241295,10243
1241345,10260
1241395,10262
1241445,10275
1241495,10284
1241545,10277
1241595,10264
1241645,10251
1241695,10251
1241745,10264
1241795,10250
1241845,10251
1241895,10254
1241945,10243
1241995,10256
1242045,10227
1242095,10227
1242145,10222
1242195,10217
1242245,10226
1242295,10218
1242345,10243
1242395,10253
1242445,10250
1242495,10226
1242545,10192
1242595,10177
1242646,10121
1242695,10162
1242745,10163
1242796,10158
1242846,10109
1242896,10099
1242946,10096
1242995,10139
1243045,10126
1243095,10126
1243145,10127
1243195,10137
1243245,10155
1243295,10158
1243345,10115
1243395,10103
1243445,10116
1243495,10117
1243545,10094
1243595,10066
1243645,10098
1243695,10115
1243745,10137
1243795,10157
1243845,10185
1243895,10195
1243945,10173
1243995,10204
1244045,10229
1244095,10225
1244145,10214
1244195,10201
1244245,10206
1244295,10189
1244345,10166
1244395,10135
1244445,10107
1244495,10107
1244545,10110
1244595,10103
1244645,10092
1244695,10061
1244745,10033
1244795,10049
1244845,10049
1244895,10054
1244945,10064
1244995,10067
1245045,10102
1245095,10110
1245145,10123
1245195,10136
1245245,10151
1245295,10188
1245345,10195
1245395,10216
1245445,10238
1245495,10242
1245545,10268
1245595,10263
1245645,10264
1245695,10229
1245745,10205
1245795,10220
1245845,10219
1245895,10219
1245945,10239
1245995,10231
1246045,10227
1246095,10245
1246145,10241
1246195,10247
1246245,10233
1246295,10230
1246345,10263
1246395,10266
1246445,10296
1246495,10302
1246545,10306
1246595,10331
1246645,10348
1246695,10377
1246745,10372
1246795,10374
1246845,10395
1246895,10354
1246945,10263
1246995,10223
1247045,10226
1247095,10199
1247145,10205
1247195,10268
1247245,10268
1247295,10327
1247345,10396
1247395,10433
1247445,10449
1247495,10465
1247545,10458
1247595,10458
1247646,10464
1247695,10414
1247745,10421
1247795,10385
1247846,10363
1247896,10295
1247946,10255
1247995,10237
1248045,10265
1248095,10298
1248145,10280
1248195,10246
1248245,10235
1248295,10256
1248345,10322
1248395,10403
1248445,10420
1248495,10415
1248545,10432
1248595,10466
1248645,10466
1248695,10433
1248745,10398
1248795,10353
1248845,10298
1248895,10213
1248945,10153
1248995,10113
1249045,10106
1249095,10055
1249145,10089
1249195,10213
1249245,10137
1249295,10204
1249345,10317
1249395,10448
1249445,10437
1249495,10398
1249545,10339
1249595,10328
1249645,10302
1249695,10235
1249745,10229
1249795,10222
1249845,10221
1249895,10230
1249945,10235
1249995,10262
1250045,10262
1250095,10249
1250145,10237
1250195,10268
1250245,10278
1250295,10352
1250345,10373
1250395,10378
1250445,10345
1250495,10256
1250545,10192
1250595,10142
1250645,10127
1250695,10128
1250745,10112
1250795,10121
1250845,10121
1250895,10130
1250945,10137
1250995,10149
1251045,10174
1251095,10183
1251145,10189
1251195,10183
1251245,10159
1251295,10117
1251345,10057
1251395,10045
1251445,10045
1251495,10044
1251545,10042
1251595,10014
1251645,9981
1251695,9994
1251745,9999
1251795,9988
1251845,10009
1251895,10017
1251945,10034
1251995,10062
1252045,10075
1252095,10138
1252145,10149
1252195,10165
1252245,10168
1252295,10159
1252345,10173
1252395,10175
1252445,10178
1252495,10180
1252545,10179
1252595,10188
1252646,10116
1252695,10175
1252745,10141
1252795,10149
1252846,10149
1252896,10061
1252946,9988
1252995,9956
1253045,9922
1253095,9872
1253145,9864
1253195,9821
1253245,9782
1253295,9796
1253345,9789
1253395,9772
1253445,9849
1253495,9881
1253545,9858
1253595,9857
1253645,9857
1253695,9867
1253745,9884
1253795,9898
1253845,9915
1253895,9903
1253945,9922
1253995,9932
1254045,9919
1254095,9933
1254145,9938
1254195,9954
1254245,9954
1254295,9975
1254345,9967
1254395,9986
1254445,10014
1254495,10019
1254545,10030
1254595,10021
1254645,10036
1254695,10044
1254745,10040
1254795,10044
1254845,10036
1254895,10054
1254945,10056
1254995,10057
1255045,10054
1255095,10081
1255145,10102
1255195,10099
1255245,10112
1255295,10127
1255345,10154
1255395,10167
1255445,10168
1255495,10177
1255545,10151
1255595,10086
1255645,10086
1255695,10064
1255745,10046
1255795,10013
1255845,9988
1255895,10065
1255945,10121
1255995,10125
1256045,10153
1256095,10150
1256145,10152
1256195,10162
1256245,10155
1256295,10179
1256345,10178
1256395,10197
1256445,10217
1256495,10200
1256545,10204
1256595,10192
1256645,10200
1256695,10213
1256745,10205
1256795,10197
1256845,10155
1256895,10123
1256945,10114
1256995,10107
1257045,10107
1257095,10113
1257145,10094
1257195,10086
1257245,10089
1257295,10104
1257345,10109
1257395,10089
1257445,10094
1257495,10088
1257545,10101
1257595,10105
1257646,10088
1257695,10113
1257745,10116
1257795,10112
1257846,10127
1257895,10066
1257946,10070
1257996,10068
1258045,10141
1258095,10143
1258145,10137
1258195,10118
1258245,10112
1258295,10106
1258345,10107
1258395,10100
1258445,10100
1258495,10100
1258545,10084
1258595,10089
1258645,10102
1258695,10104
1258745,10108
1258795,10103
1258845,10119
1258895,10132
1258945,10137
1258995,10151
1259045,10137
1259095,10135
1259145,10124
1259195,10116
1259245,10116
1259295,10118
1259345,10131
1259395,10142
1259445,10148
1259495,10160
1259545,10161
1259595,10182
1259645,10187
1259695,10191
1259745,10201
1259795,10201
1259845,10193
1259895,10203
1259945,10191
1259995,10194
1260045,10199
1260095,10192
1260145,10204
1260195,10199
1260245,10202
1260295,10205
1260345,10205
1260395,10221
1260445,10223
1260495,10228
1260545,10235
1260595,10234
1260645,10233
1260695,10217
1260745,10199
1260795,10193
1260845,10183
1260895,10184
1260945,10146
1260995,10144
1261045,10150
1261095,10166
1261145,10221
1261195,10477
1261245,10248
1261295,10288
1261345,10358
1261395,10428
1261445,10396
1261495,10448
1261545,10480
1261595,10489
1261645,10504
1261695,10444
1261745,10368
1261795,10356
1261845,10349
1261895,10299
1261945,10268
1261995,10227
1262045,10187
1262095,10130
1262145,10080
1262195,10065
1262245,10017
1262295,9986
1262345,9942
1262395,9934
1262445,9915
1262495,9884
1262545,9860
1262595,9860
1262646,9843
1262695,9825
1262745,9820
1262795,9777
1262845,9744
1262896,9674
1262946,9668
1262996,9588
1263045,9271
1263095,9152
1263145,9114
1263195,9206
1263245,9319
1263295,9412
1263345,9423
1263395,9364
1263445,9335
1263495,9320
1263545,9319
1263595,9361
1263645,9357
1263695,9430
1263745,9476
1263795,9527
1263845,9596
1263895,9594
1263945,9640
1263995,9640
1264045,9651
1264095,9656
1264145,9673
1264195,9710
1264245,9726
1264295,9619
1264345,9614
1264395,9654
1264445,9653
1264495,9662
1264545,9696
1264595,9746
1264645,9784
1264695,9805
1264745,9850
1264795,9858
1264845,9889
1264895,9909
1264945,9919
1264995,9940
1265045,9940
1265095,9965
1265145,9968
1265195,9977
1265245,10011
1265295,9999
1265345,10026
1265395,10026
1265445,10026
1265495,10033
1265545,10036
1265595,10017
1265645,10024
1265695,10022
1265745,10026
1265795,10045
1265845,10008
1265895,10034
1265945,10047
1265995,10050
1266045,10061
1266095,10047
1266145,10075
1266195,10071
1266245,10067
1266295,10063
1266345,10025
1266395,10032
1266445,10018
1266495,10028
1266545,10022
1266595,10003
1266645,10037
1266695,10016
1266745,10037
1266795,10037
1266845,10028
1266895,10029
1266945,10053
1266995,10043
1267045,10037
1267095,10019
1267145,9998
1267195,9996
1267245,9972
1267295,9972
1267345,9967
1267395,9952
1267445,9951
1267495,9930
1267545,9935
1267595,9943
1267646,9901
1267695,9930
1267745,9866
1267795,9828
1267846,9776
1267895,9699
1267946,9688
1267995,9659
1268045,9679
1268095,9647
1268145,9636
1268195,9636
1268245,9656
1268295,9672
1268345,9718
1268395,9723
1268445,9750
1268495,9774
1268545,9794
1268595,9824
1268645,9822
1268695,9814
1268745,9800
1268795,9790
1268845,9806
1268895,9803
1268945,9808
1268995,9806
1269045,9806
1269095,9849
1269145,9851
1269195,9862
1269245,9863
1269295,9866
1269345,9895
1269395,9886
1269445,9890
1269495,9867
1269545,9865
1269595,9865
1269645,9873
1269695,9868
1269745,9883
1269795,9872
1269845,9871
1269895,9894
1269945,9891
1269995,9900
1270045,9884
1270095,9899
1270145,9914
1270195,9892
1270245,9879
1270295,9874
1270345,9886
1270395,9890
1270445,9870
1270495,9887
1270545,9893
1270595,9902
1270645,9892
1270695,9887
1270745,9912
1270795,9920
1270845,9957
1270895,9974
1270945,9974
1270995,9957
1271045,9990
1271095,9993
1271145,10018
1271195,10022
1271245,10023
1271295,10037
1271345,10037
1271395,10058
1271445,10061
1271495,10055
1271545,10065
1271595,10059
1271645,10064
1271695,10040
1271745,10022
1271795,10017
1271845,9988
1271895,10008
1271945,9995
1271995,9994
1272045,10002
1272095,9993
1272145,10023
1272195,10023
1272245,10033
1272295,10040
1272345,10040
1272395,10037
1272445,10028
1272495,9984
1272545,9968
1272595,9960
1272646,9943
1272695,9950
1272745,9929
1272795,9937
1272845,9931
1272896,9910
1272946,9909
1272997,9892
1273045,9907
1273095,9949
1273145,9940
1273195,9959
1273245,9920
1273295,9917
1273345,9913
1273395,9892
1273445,9884
1273495,9879
1273545,9881
1273595,9870
1273645,9871
1273695,9878
1273745,9878
1273795,9868
1273845,9873
1273895,9861
1273945,9859
1273995,9874
1274045,9854
1274095,9840
1274145,9811
1274195,9825
1274245,9808
1274295,9793
1274345,9799
1274395,9793
1274445,9802
1274495,9811
1274545,9789
1274595,9820
1274645,9811
1274695,9816
1274745,9816
1274795,9813
1274845,9830
1274895,9828
1274945,9824
1274995,9809
1275045,9780
1275095,9772
1275145,9772
1275195,9770
1275245,9779
1275295,9769
1275345,9748
1275395,9752
1275445,9735
1275495,9723
1275545,9684
1275595,9665
1275645,9690
1275695,9700
1275745,9732
1275795,9752
1275845,9772
1275895,9799
1275945,9785
1275995,9798
1276045,9780
1276095,9791
1276145,9814
1276195,9812
1276245,9824
1276295,9812
1276345,9814
1276395,9838
1276445,9840
1276495,9861
1276545,9861
1276595,9844
1276645,9857
1276695,9867
1276745,9874
1276795,9855
1276845,9832
1276895,9833
1276945,9825
1276995,9798
1277045,9757
1277095,9734
1277145,9773
1277195,9781
1277245,9798
1277295,9824
1277345,9829
1277395,9857
1277445,9848
1277495,9847
1277545,9858
1277595,9861
1277646,9817
1277695,9888
1277745,9887
1277795,9904
1277845,9913
1277895,9904
1277946,9904
1277996,9908
1278046,9914
1278095,9959
1278145,9961
1278195,9966
1278245,9944
1278295,9951
1278345,9982
1278395,9964
1278445,9987
1278495,9981
1278545,10002
1278595,10025
1278645,10029
1278695,10056
1278745,10052
1278795,10070
1278845,10057
1278895,10029
1278945,10014
1278995,9999
1279045,10002
1279095,9997
1279145,9988
1279195,9990
1279245,9989
1279295,10003
1279345,10003
1279395,10006
1279445,10007
1279495,10018
1279545,10005
1279595,10025
1279645,10012
1279695,10002
1279745,9992
1279795,9982
1279845,10011
1279895,10014
1279945,10023
1279995,10029
1280045,10040
1280095,10068
1280145,10067
1280195,10083
1280245,10100
1280295,10100
1280345,10120
1280395,10106
1280445,10116
1280495,10117
1280545,10098
1280595,10116
1280645,10117
1280695,10127
1280745,10127
1280795,10124
1280845,10109
1280895,10132
1280945,10147
1280995,10160
1281045,10164
1281095,10158
1281145,10179
1281195,10175
1281245,10173
1281295,10171
1281345,10157
1281395,10164
1281445,10168
1281495,10186
1281545,10189
1281595,10170
1281645,10177
1281695,10182
1281745,10208
1281795,10203
1281845,10205
1281895,10214
1281945,10209
1281995,10222
1282045,10211
1282095,10211
1282145,10208
1282195,10203
1282245,10200
1282295,10217
1282345,10212
1282395,10217
1282445,10216
1282495,10222
1282545,10239
1282595,10236
1282646,10231
1282695,10239
1282745,10244
1282795,10264
1282845,10236
1282897,10218
1282946,10154
1282996,10145
1283045,10146
1283095,10199
1283145,10202
1283195,10176
1283245,10167
1283295,10173
1283345,10168
1283395,10181
1283445,10190
1283495,10190
1283545,10203
1283595,10227
1283645,10215
1283695,10230
1283745,10204
1283795,10205
1283845,10211
1283895,10209
1283945,10220
1283995,10204
1284045,10210
1284095,10219
1284145,10226
1284195,10245
1284245,10237
1284295,10252
1284345,10269
1284395,10280
1284445,10314
1284495,10333
1284545,10392
1284595,10442
1284645,10455
1284695,10442
1284745,10405
1284795,10382
1284845,10354
1284895,10354
1284945,10323
1284995,10310
1285045,10285
1285095,10282
1285145,10279
1285195,10268
1285245,10272
1285295,10227
1285345,10224
1285395,10212
1285445,10203
1285495,10197
1285545,10174
1285595,10189
1285645,10180
1285695,10180
1285745,10168
1285795,10172
1285845,10186
1285895,10174
1285945,10179
1285995,10174
1286045,10183
1286095,10186
1286145,10160
1286195,10142
1286245,10116
1286295,10116
1286345,10120
1286395,10127
1286445,10114
1286495,10106
1286545,10100
1286595,10101
1286645,10105
1286695,10102
1286745,10105
1286795,10101
1286845,10105
1286895,10125
1286945,10106
1286995,10096
1287045,10073
1287095,10074
1287145,10066
1287195,10058
1287245,10056
1287295,10036
1287345,10050
1287395,10069
1287445,10054
1287495,10068
1287545,10057
1287595,10073
1287646,10055
1287695,10055
1287745,10082
1287795,10087
1287845,10057
1287896,10055
1287945,9989
1287996,9977
1288045,9978
1288095,9987
1288145,10001
1288195,10001
1288245,10007
1288295,10019
1288345,10030
1288395,10064
1288445,10071
1288495,10100
1288545,10103
1288595,10119
1288645,10125
1288695,10105
1288745,10091
1288795,10093
1288845,10090
1288895,10087
1288945,10071
1288995,10062
1289045,10065
1289095,10065
1289145,10059
1289195,10080
1289245,10049
1289295,10057
1289345,10050
1289395,10052
1289445,10061
1289495,10047
1289545,10032
1289595,10009
1289645,9999
1289695,9990
1289745,9975
1289795,9973
1289845,9960
1289895,9963
1289945,9968
1289995,9964
1290045,9967
1290095,9965
1290145,9969
1290195,9980
1290245,9961
1290295,9978
1290345,9957
1290395,9965
1290445,9962
1290495,9962
1290545,9942
1290595,9956
1290645,9960
1290695,9956
1290745,9966
1290795,9952
1290845,9967
1290895,9972
1290945,9995
1290995,10002
1291045,9997
1291095,10020
1291145,9985
1291195,9985
1291245,9987
1291295,9969
1291345,9978
1291395,9964
1291445,9994
1291495,9985
1291545,9992
1291595,9986
1291645,9982
1291695,10000
1291745,10004
1291795,9998
1291845,9984
1291895,9984
1291945,9968
1291995,9971
1292045,9961
1292095,9953
1292145,9956
1292195,9951
1292245,9966
1292295,9960
1292345,9968
1292395,9985
1292445,9990
1292495,10003
1292545,9994
1292595,10002
1292646,9959
1292695,9969
1292745,9972
1292795,9964
1292845,9960
1292895,9954
1292946,9910
1292996,9924
1293046,9917
1293095,9959
1293145,9971
1293195,9976
1293245,9967
1293295,9967
1293345,9961
1293395,9984
1293445,9957
1293495,9945
1293545,9926
1293595,9919
1293645,9932
1293695,9920
1293745,9918
1293795,9911
1293845,9917
1293895,9926
1293945,9924
1293995,9929
1294045,9925
1294095,9934
1294145,9938
1294195,9918
1294245,9903
1294295,9897
1294345,9899
1294395,9900
1294445,9884
1294495,9899
1294545,9904
1294595,9902
1294645,9911
1294695,9911
1294745,9904
1294795,9934
1294845,9918
1294895,9909
1294945,9888
1294995,9853
1295045,9834
1295095,9817
1295145,9823
1295195,9822
1295245,9814
1295295,9860
1295345,9857
1295395,9874
1295445,9890
1295495,9897
1295545,9925
1295595,9938
1295645,9940
1295695,9934
1295745,9927
1295795,9934
1295845,9943
1295895,9963
1295945,9954
1295995,9961
1296045,9974
1296095,9974
1296145,9969
1296195,9976
1296245,9951
1296295,9969
1296345,9947
1296395,9944
1296445,9945
1296495,9915
1296545,9911
1296595,9909
1296645,9919
1296695,9945
1296745,9951
1296795,9965
1296845,9970
1296895,9976
1296945,10000
1296995,9997
1297045,10013
1297095,10027
1297145,10053
1297195,10094
1297245,10112
1297295,10123
1297345,10080
1297395,10035
1297445,10009
1297495,10009
1297545,9989
1297595,9992
1297798,9892
1297799,9892
1297804,9892
1297810,9892
1297845,9847
1297896,9843
1297946,9715
1297996,9740
1298046,9777
1298095,9781
1298145,9775
1298195,9769
1298245,9735
1298295,9646
1298345,9555
1298395,9505
1298445,9502
1298495,9503
1298545,9492
1298595,9506
1298645,9559
1298695,9661
1298745,9729
1298795,9761
1298845,9807
1298895,9807
1298945,9832
1298995,9862
1299045,9877
1299095,9886
1299145,9902
1299195,9918
1299245,9938
1299295,9940
1299345,9954
1299395,9966
1299445,9983
1299495,10001
1299545,10010
1299595,10041
1299645,10042
1299695,10046
1299745,10078
1299795,10076
1299845,10104
1299895,10089
1299945,10102
1299995,10140
1300045,10130
1300095,10124
1300145,10112
1300195,10108
1300245,10111
1300295,10111
1300345,10105
1300395,10101
1300445,10097
1300495,10111
1300545,10115
1300595,10111
1300645,10127
1300695,10119
1300745,10140
1300795,10139
1300845,10144
1300895,10159
1300945,10141
1300995,10144
1301045,10144
1301095,10137
1301145,10142
1301195,10129
1301245,10140
1301295,10140
1301345,10141
1301395,10136
1301445,10131
1301495,10140
1301545,10145
1301595,10153
1301645,10142
1301695,10142
1301745,10129
1301795,10145
1301845,10128
1301895,10118
1301945,10111
1301995,10081
1302045,10086
1302095,10074
1302145,10081
1302195,10070
1302245,10049
1302295,10058
1302345,10043
1302395,10027
1302445,9960
1302495,9956
1302545,9969
1302595,9957
1302646,9943
1302695,9992
1302745,10010
1302795,10011
1302845,10008
1302895,10025
1302946,9981
1302996,10001
1303046,10013
1303095,10013
1303145,10066
1303195,10096
1303245,10091
1303295,10115
1303345,10136
1303395,10144
1303445,10167
1303495,10172
1303545,10187
1303595,10206
1303645,10205
1303695,10207
1303745,10192
1303795,10214
1303845,10217
1303895,10215
1303945,10204
1303995,10196
1304045,10207
1304095,10218
1304145,10216
1304195,10200
1304245,10175
1304295,10174
1304345,10155
1304395,10115
1304445,10115
1304495,10050
1304545,9990
1304595,9986
1304645,9982
1304695,10013
1304745,10053
1304795,10074
1304845,10115
1304895,10142
1304945,10171
1304995,10159
1305045,10173
1305095,10203
1305145,10244
1305195,10316
1305245,10333
1305295,10347
1305345,10339
1305395,10344
1305445,10336
1305495,10324
1305545,10327
1305595,10353
1305645,10366
1305695,10382
1305745,10375
1305795,10381
1305845,10381
1305895,10367
1305945,10369
1305995,10379
1306045,10354
1306095,10347
1306145,10318
1306195,10316
1306245,10302
1306295,10293
1306345,10307
1306395,10282
1306445,10277
1306495,10295
1306545,10287
1306595,10282
1306645,10277
1306695,10294
1306745,10304
1306795,10286
1306845,10286
1306895,10251
1306945,10248
1306995,10235
1307045,10232
1307095,10212
1307145,10207
1307195,10216
1307245,10216
1307295,10217
1307345,10222
1307395,10213
1307445,10220
1307495,10237
1307545,10233
1307595,10248
1307646,10257
1307695,10248
1307745,10258
1307795,10229
1307845,10221
1307897,10206
1307946,10150
1307996,10140
1308046,10138
1308095,10158
1308145,10202
1308195,10194
1308245,10191
1308295,10200
1308345,10214
1308395,10211
1308445,10222
1308495,10229
1308545,10243
1308595,10243
1308645,9987
1308695,10220
1308745,10214
1308795,10222
1308845,10207
1308895,10199
1308945,10164
1308995,10136
1309045,10147
1309095,10156
1309145,10175
1309195,10166
1309245,10182
1309295,10202
1309345,10222
1309395,10238
1309445,10230
1309495,10228
1309545,10225
1309595,10230
1309645,10236
1309695,10239
1309745,10249
1309795,10245
1309845,10264
1309895,10268
1309945,10278
1309995,10285
1310045,10285
1310095,10287
1310145,10307
1310195,10315
1310245,10310
1310295,10328
1310345,10318
1310395,10316
1310445,10308
1310495,10303
1310545,10309
1310595,10290
1310645,10302
1310695,10301
1310745,10317
1310795,10315
1310845,10303
1310895,10309
1310945,10322
1310995,10340
1311045,10340
1311095,10329
1311145,10344
1311195,10331
1311245,10324
1311295,10304
1311345,10293
1311395,10308
1311445,10308
1311495,10300
1311545,10314
1311595,10302
1311645,10297
1311695,10309
1311745,10326
1311795,10343
1311845,10341
1311895,10345
1311945,10326
1311995,10318
1312045,10314
1312095,10278
1312145,10273
1312195,10244
1312245,10225
1312295,10213
1312345,10194
1312395,10208
1312445,10211
1312495,10210
1312545,10223
1312595,10215
1312646,10166
1312695,10219
1312745,10219
1312795,10218
1312845,10218
1312895,10218
1312946,10215
1312996,10122
1313046,10094
1313096,10070
1313145,10083
1313195,10087
1313245,10053
1313295,10042
1313345,10013
1313395,9976
1313445,9940
1313495,9905
1313545,9885
1313595,9867
1313645,9839
1313695,9830
1313745,9788
1313795,9741
1313845,9697
1313895,9669
1313945,9650
1313995,9619
1314045,9610
1314095,9577
1314145,9579
1314195,9613
1314245,9613
1314295,9657
1314345,9714
1314395,9746
1314445,9768
1314495,9777
1314545,9786
1314595,9814
1314645,9824
1314695,9838
1314745,9830
1314795,9810
1314845,9797
1314895,9774
1314945,9775
1314995,9758
1315045,9735
1315095,9747
1315145,9763
1315195,9785
1315245,9786
1315295,9795
1315345,9804
1315395,9814
1315445,9815
1315495,9809
1315545,9800
1315595,9790
1315645,9790
1315695,9781
1315745,9790
1315795,9778
1315845,9777
1315895,9777
1315945,9789
1315995,9801
1316045,9792
1316095,9810
1316145,9816
1316195,9829
1316245,9847
1316295,9845
1316345,9844
1316395,9850
1316445,9841
1316495,9860
1316545,9848
1316595,9860
1316645,9870
1316695,9878
1316745,9887
1316795,9882
1316845,9896
1316895,9896
1316945,9921
1316995,9922
1317045,9922
1317095,9927
1317145,9952
1317195,9951
1317245,9957
1317295,9931
1317345,9913
1317395,9911
1317445,9897
1317495,9889
1317545,9881
1317595,9863
1317646,9853
1317695,9881
1317745,9895
1317795,9881
1317845,9893
1317895,9907
1317945,9903
1317995,9892
1318045,9897
1318096,9903
1318145,9945
1318195,9926
1318245,9929
1318295,9913
1318345,9916
1318395,9935
1318445,9935
1318495,9924
1318545,9913
1318595,9896
1318645,9918
1318695,9913
1318745,9887
1318795,9898
1318845,9913
1318895,9938
1318945,9948
1318995,9950
1319045,9931
1319095,9924
1319145,9926
1319195,9940
1319245,9954
1319295,9919
1319345,9910
1319395,9895
1319445,9881
1319495,9895
1319545,9916
1319595,9914
1319645,9922
1319695,9899
1319745,9907
1319795,9919
1319845,9919
1319895,9918
1319945,9904
1319995,9902
1320045,9908
1320095,9905
1320145,9904
1320195,9902
1320245,9914
1320295,9930
1320345,9951
1320395,9954
1320445,9947
1320495,9947
1320545,9938
1320595,9952
1320645,9975
1320695,9982
1320745,9956
1320795,9961
1320845,9954
1320895,9962
1320945,9951
1320995,9943
1321045,9955
1321095,9945
1321145,9964
1321195,9952
1321245,9952
1321295,9947
1321345,9931
1321395,9915
1321445,9910
1321495,9910
1321545,9894
1321595,9893
1321645,9889
1321695,9897
1321745,9896
1321795,9901
1321845,9889
1321895,9880
1321945,9903
1321995,9899
1322045,9908
1322095,9899
1322145,9903
1322195,9919
1322245,9921
1322295,9937
1322345,9931
1322395,9928
1322445,9918
1322495,9913
1322545,9909
1322595,9888
1322646,9888
1322695,9869
1322745,9902
1322795,9894
1322845,9905
1322895,9908
1322946,9921
1322996,9897
1323046,9898
1323096,9914
1323145,9936
1323195,9948
1323245,9941
1323295,9926
1323345,9936
1323395,9941
1323445,9942
1323495,9950
1323545,9949
1323595,9953
1323645,9971
1323695,9986
1323745,9986
1323795,9990
1323845,9990
1323895,10023
1323945,10038
1323995,10041
1324045,10041
1324095,10019
1324145,10011
1324195,10013
1324245,10019
1324295,10011
1324345,10013
1324395,10002
1324445,10007
1324495,10001
1324545,9999
1324595,10004
1324645,10014
1324695,10020
1324745,10022
1324795,10011
1324845,10011
1324895,10011
1324945,10016
1324995,10011
1325045,9997
1325095,10002
1325145,10012
1325195,10021
1325245,10026
1325295,10021
1325345,10052
1325395,10078
1325445,10078
1325495,10083
1325545,10084
1325595,10065
1325645,10067
1325695,10077
1325745,10090
1325795,10106
1325845,10090
1325895,10083
1325945,10078
1325995,10087
1326045,10077
1326095,10083
1326145,10088
1326195,10087
1326245,10090
1326295,10098
1326345,10100
1326395,10104
1326445,10110
1326495,10139
1326545,10135
1326595,10148
1326645,10149
1326695,10151
1326745,10154
1326795,10154
1326845,10136
1326895,10126
1326945,10119
1326995,10123
1327045,10129
1327095,10124
1327145,10126
1327195,10118
1327245,10116
1327295,10130
1327345,10122
1327395,10120
1327445,10120
1327495,10131
1327545,10169
1327595,10188
1327646,10200
1327695,10248
1327745,10248
1327795,10240
1327845,10228
1327895,10227
1327945,10189
1327996,10154
1328046,10160
1328096,10148
1328145,10207
1328195,10207
1328245,10204
1328295,10222
1328345,10228
1328395,10218
1328445,10205
1328495,10193
1328545,10198
1328595,10192
1328645,10187
1328695,10180
1328745,10159
1328795,10146
1328845,10143
1328895,10142
1328945,10136
1328995,10118
1329045,10136
1329095,10147
1329145,10110
1329195,10102
1329245,10127
1329295,10163
1329345,10181
1329395,10194
1329445,10201
1329495,10196
1329545,10199
1329595,10199
1329645,10195
1329695,10183
1329745,10159
1329795,10116
1329845,10117
1329895,10122
1329945,10138
1329995,10142
1330045,10135
1330095,10145
1330145,10155
1330195,10165
1330245,10160
1330295,10141
1330345,10151
1330395,10154
1330445,10159
1330495,10148
1330545,10138
1330595,10142
1330645,10152
1330695,10155
1330745,10159
1330795,10156
1330845,10153
1330895,10155
1330945,10070
1330995,10070
1331045,9999
1331095,10023
1331145,9931
1331195,9893
1331245,9903
1331295,9836
1331345,9759
1331395,9726
1331445,9678
1331495,9641
1331545,9673
1331595,9754
1331645,9838
1331695,9877
1331745,9909
1331795,9930
1331845,9944
1331895,9934
1331945,9923
1331995,9931
1332045,9917
1332095,9898
1332145,9845
1332195,9811
1332245,9842
1332295,9887
1332345,9945
1332395,9945
1332445,9869
1332495,9973
1332545,10149
1332595,10168
1332646,10149
1332695,10074
1332745,9995
1332795,9951
1332845,9935
1332895,9936
1332945,9922
1332996,9905
1333046,9920
1333095,9941
1333145,10026
1333195,10040
1333245,10059
1333295,10061
1333345,10069
1333395,10097
1333445,10101
1333495,10124
1333545,10132
1333595,10150
1333645,10174
1333695,10178
1333745,10198
1333795,10198
1333845,10191
1333895,10196
1333945,10183
1333995,10173
1334045,10171
1334095,10155
1334145,10172
1334195,10178
1334245,10105
1334295,10037
1334345,10006
1334395,10029
1334445,10032
1334495,10016
1334545,10077
1334595,10110
1334645,10199
1334695,10292
1334745,10262
1334795,10241
1334845,10252
1334895,10269
1334945,10251
1334995,10212
1335045,10199
1335095,10186
1335145,10207
1335195,10207
1335245,10205
1335295,10213
1335345,10218
1335395,10211
1335445,10227
1335495,10230
1335545,10220
1335595,10221
1335645,10211
1335695,10218
1335745,10200
1335795,10197
1335845,10199
1335895,10167
1335945,10116
1335995,10061
1336045,10105
1336095,10158
1336145,10219
1336195,10302
1336245,10344
1336295,10385
1336345,10422
1336395,10380
1336445,10322
1336495,10295
1336545,10295
1336595,10318
1336645,10339
1336695,10355
1336745,10374
1336795,10345
1336845,10303
1336895,10262
1336945,10237
1336995,10209
1337045,10190
1337095,10203
1337145,10210
1337195,10192
1337245,10214
1337295,10222
1337345,10264
1337395,10209
1337445,10145
1337495,9914
1337545,9799
1337595,9698
1337646,9514
1337695,9626
1337745,9730
1337795,9772
1337845,9814
1337895,9830
1337945,9830
1337996,9813
1338046,9864
1338095,9974
1338145,10011
1338195,10116
1338245,10191
1338295,10306
1338345,10351
1338395,10378
1338445,10343
1338495,10285
1338545,10251
1338595,10208
1338645,10194
1338695,10185
1338745,10191
1338795,10186
1338845,10197
1338895,10206
1338945,10143
1338995,10093
1339045,10138
1339095,10116
1339145,10086
1339195,10104
1339245,10104
1339295,10012
1339345,10012
1339395,9935
1339445,9940
1339495,9938
1339545,10011
1339595,9926
1339645,9908
1339695,9943
1339745,9893
1339795,9914
1339845,9941
1339895,9961
1339945,9896
1339995,9867
1340045,9905
1340095,9897
1340145,9843
1340195,9792
1340245,9842
1340295,9886
1340345,9907
1340395,9926
1340445,9929
1340495,9939
1340545,9961
1340595,9968
1340645,9998
1340695,10026
1340745,10026
1340795,10046
1340845,10072
1340895,10058
1340945,10080
1340995,10106
1341045,10115
1341095,10129
1341145,10144
1341195,10174
1341245,10185
1341295,10186
1341345,10185
1341395,10185
1341445,10230
1341495,10276
1341545,10312
1341595,10323
1341645,10319
1341695,10355
1341745,10368
1341795,10387
1341845,10392
1341895,10378
1341945,10390
1341995,10401
1342045,10413
1342095,10434
1342145,10434
1342195,10428
1342245,10433
1342295,10437
1342345,10447
1342395,10460
1342445,10450
1342495,10448
1342545,10449
1342595,10484
1342646,10499
1342695,10533
1342745,10566
1342795,10570
1342845,10593
1342895,10588
1342946,10575
1342995,10533
1343046,10529
1343096,10538
1343146,10557
1343195,10577
1343245,10576
1343295,10565
1343345,10547
1343395,10505
1343445,10483
1343495,10471
1343545,10471
1343595,10460
1343645,10461
1343695,10448
1343745,10432
1343795,10410
1343845,10407
1343895,10419
1343945,10415
1343995,10402
1344045,10396
1344095,10398
1344145,10412
1344195,10393
1344245,10366
1344295,10341
1344345,10320
1344395,10324
1344445,10312
1344495,10302
1344545,10289
1344595,10281
1344645,10286
1344695,10265
1344745,10257
1344795,10241
1344845,10236
1344895,10492
1344945,10254
1344995,10284
1345045,10267
1345095,10225
1345145,10198
1345195,10203
1345245,10161
1345295,10121
1345345,10042
1345395,9984
1345445,9979
1345495,9959
1345545,9980
1345595,9964
1345645,9894
1345695,9892
1345745,9928
1345795,9977
1345845,10043
1345895,10038
1345945,9968
1345995,9967
1346045,10017
1346095,9902
1346145,9901
1346195,9913
1346245,9857
1346295,9857
1346345,9885
1346395,9836
1346445,9795
1346495,9816
1346545,9859
1346595,9851
1346645,9865
1346695,9879
1346745,9901
1346795,9940
1346845,9993
1346895,9984
1346945,10006
1346995,10032
1347045,10060
1347095,10133
1347145,10082
1347195,9927
1347245,9903
1347295,9993
1347345,9893
1347395,9877
1347445,9918
1347495,9983
1347545,10071
1347595,10125
1347646,10142
1347695,10142
1347745,10166
1347795,10154
1347845,10141
1347895,10140
1347945,10134
1347996,10155
1348046,10104
1348095,10116
1348146,10117
1348195,10160
1348245,10153
1348295,10155
1348345,10167
1348395,10178
1348445,10184
1348495,10193
1348545,10171
1348595,10149
1348645,10118
1348695,10089
1348745,10091
1348795,10075
1348845,10058
1348895,10079
1348945,10078
1348995,10096
1349045,10088
1349095,10088
1349145,10081
1349195,10087
1349245,10059
1349295,9968
1349345,9935
1349395,9912
1349445,9830
1349495,9792
1349545,9748
1349595,9730
1349645,9815
1349695,9881
1349745,9930
1349795,9962
1349845,9987
1349895,10018
1349945,10026
1349995,10020
1350045,10041
1350095,10029
1350145,10014
1350195,9999
1350245,9991
1350295,9975
1350345,9961
1350395,9950
1350445,9946
1350495,9946
1350545,9960
1350595,9956
1350645,9915
1350695,9855
1350745,9818
1350795,9842
1350845,9858
1350895,9837
1350945,9867
1350995,9945
1351045,10028
1351095,10035
1351145,10005
1351195,10005
1351245,10002
1351295,9995
1351345,9972
1351395,9910
1351445,9902
1351495,9895
1351545,9867
1351595,9789
1351645,9829
1351695,9838
1351745,9735
1351795,9659
1351845,9659
1351895,9657
1351945,9656
1351995,9686
1352045,9713
1352095,9744
1352145,9749
1352195,9739
1352245,9730
1352295,9737
1352345,9752
1352395,9662
1352445,9646
1352495,9708
1352545,9637
1352595,9613
1352646,9562
1352695,9574
1352745,9566
1352795,9535
1352845,9564
1352895,9554
1352945,9569
1352996,9551
1353046,9580
1353096,9633
1353146,9733
1353195,9837
1353245,9837
1353295,9875
1353345,9933
1353395,9973
1353445,9996
1353495,10038
1353545,10053
1353595,10063
1353645,10068
1353695,10094
1353745,10092
1353795,10101
1353845,10107
1353895,10141
1353945,10096
1353995,10039
1354045,10012
1354095,9988
1354145,9961
1354195,9974
1354245,9988
1354295,9961
1354345,9958
1354395,9931
1354445,9925
1354495,9918
1354545,9917
1354595,9897
1354645,9897
1354695,9886
1354745,9888
1354795,9890
1354845,9915
1354895,9909
1354945,9902
1354995,9947
1355045,9980
1355095,9994
1355145,9988
1355195,9974
1355245,9991
1355295,9984
1355345,9981
1355395,10011
1355445,10019
1355495,10028
1355545,10025
1355595,10012
1355645,10006
1355695,9990
1355745,10010
1355795,9999
1355845,9998
1355895,10016
1355945,10025
1355995,10056
1356045,10056
1356095,10079
1356145,10067
1356195,10055
1356245,10049
1356295,10037
1356345,10027
1356395,9999
1356445,9998
1356495,10000
1356545,9999
1356595,10018
1356645,10017
1356695,10033
1356745,10019
1356795,10002
1356845,9969
1356895,9960
1356945,9965
1356995,9940
1357045,9912
1357095,9889
1357145,9853
1357195,9853
1357245,9873
1357295,9875
1357345,9882
1357395,9878
1357445,9878
1357495,9883
1357545,9888
1357595,9901
1357646,9905
1357695,9910
1357745,9918
1357795,9926
1357845,9934
1357895,9934
1357945,9914
1357996,9888
1358046,9848
1358096,9856
1358145,9864
1358195,9892
1358245,9876
1358295,9877
1358345,9902
1358395,9922
1358445,9921
1358495,9912
1358545,9865
1358595,9829
1358645,9820
1358695,9834
1358745,9835
1358795,9806
1358845,9806
1358895,9802
1358945,9807
1358995,9816
1359045,9832
1359095,9855
1359145,9863
1359195,9882
1359245,9892
1359295,9923
1359345,9962
1359395,9972
1359445,9964
1359495,9981
1359545,10022
1359595,10287
1359645,10395
1359695,10337
1359745,10273
1359795,10293
1359845,10438
1359895,10517
1359945,10599
1359995,10614
1360045,10584
1360095,10565
1360145,10541
1360195,10541
1360245,10524
1360295,10509
1360345,10492
1360395,10503
1360445,10509
1360495,10519
1360545,10479
1360595,10458
1360645,10445
1360695,10433
1360745,10432
1360795,10404
1360845,10419
1360895,10551
1360945,10673
1360995,10753
1361045,10765
1361095,10755
1361145,10752
1361195,10731
1361245,10694
1361295,10655
1361345,10619
1361395,10566
1361445,10529
1361495,10505
1361545,10480
1361595,10480
1361645,10455
1361695,10440
1361745,10411
1361795,10401
1361845,10402
1361895,10404
1361945,10396
1361995,10375
1362045,10395
1362095,10393
1362145,10394
1362195,10396
1362245,10377
1362295,10360
1362345,10342
1362395,10337
1362445,10318
1362495,10312
1362545,10302
1362595,10303
1362646,10251
1362695,10309
1362745,10304
1362795,10312
1362845,10302
1362895,10313
1362945,10304
1362996,10304
1363045,10278
1363096,10263
1363146,10251
1363195,10236
1363245,10269
1363295,10257
1363345,10249
1363395,10247
1363445,10248
1363495,10228
1363545,10233
1363595,10247
1363645,10244
1363695,10252
1363745,10247
1363795,10263
1363845,10267
1363895,10274
1363945,10282
1363995,10265
1364045,10248
1364095,10242
1364145,10225
1364195,10226
1364245,10208
1364295,10215
1364345,10212
1364395,10212
1364445,10214
1364495,10212
1364545,10198
1364595,10214
1364645,10214
1364695,10222
1364745,10208
1364795,10207
1364845,10214
1364895,10183
1364945,10171
1364995,10143
1365045,10125
1365095,10132
1365145,10119
1365195,10132
1365245,10120
1365295,10113
1365345,10116
1365395,10121
1365445,10122
1365495,10119
1365545,10134
1365595,10139
1365645,10086
1365695,10017
1365745,9957
1365795,9957
1365845,9961
1365895,9975
1365945,9996
1365995,10032
1366045,10040
1366095,10060
1366145,10050
1366195,10033
1366245,10030
1366295,10024
1366345,10035
1366395,10026
1366445,10015
1366495,9993
1366545,9979
1366595,9979
1366645,9973
1366695,9984
1366745,9980
1366795,9986
1366845,9999
1366895,10014
1366945,10039
1366995,10048
1367045,10048
1367095,10065
1367145,10082
1367195,10082
1367245,10100
1367295,10090
1367345,10064
1367395,10060
1367445,10057
1367495,10070
1367545,10070
1367595,10058
1367646,10057
1367695,10071
1367745,10080
1367795,10087
1367845,10095
1367895,10097
1367945,10112
1367995,10103
1368046,10028
1368096,10017
1368146,10008
1368195,10052
1368245,10051
1368295,10058
1368345,10045
1368395,10061
1368445,10064
1368495,10087
1368545,10087
1368595,10071
1368645,10088
1368695,10086
1368745,10098
1368795,10110
1368845,10098
1368895,10083
1368945,10062
1368995,10062
1369045,10063
1369095,10043
1369145,10051
1369195,10058
1369245,10074
1369295,10081
1369345,10097
1369395,10107
1369445,10126
1369495,10145
1369545,10168
1369595,10159
1369645,10156
1369695,10156
1369745,10150
1369795,10154
1369845,10155
1369895,10158
1369945,10158
1369995,10151
1370045,10162
1370095,10171
1370145,10164
1370195,10176
1370245,10187
1370295,10192
1370345,10182
1370395,10165
1370445,10167
1370495,10171
1370545,10187
1370595,10182
1370645,10178
1370695,10183
1370745,10169
1370795,10150
1370845,10115
1370895,10106
1370945,10120
1370995,10107
1371045,10107
1371095,10089
1371145,10114
1371195,10125
1371245,10137
1371295,10146
1371345,10146
1371395,10154
1371445,10178
1371495,10191
1371545,10202
1371595,10219
1371645,10227
1371695,10235
1371745,10231
1371795,10221
1371845,10187
1371895,10176
1371945,10181
1371995,10185
1372045,10182
1372095,10178
1372145,10181
1372195,10199
1372245,10196
1372295,10214
1372345,10204
1372395,10209
1372445,10212
1372495,10188
1372545,10179
1372595,10163
1372646,10105
1372695,10145
1372745,10145
1372795,10128
1372845,10144
1372895,10145
1372945,10155
1372995,10171
1373046,10166
1373096,10151
1373146,10163
1373195,10181
1373245,10259
1373295,10256
1373345,10234
1373395,10214
1373445,10197
1373495,10190
1373545,10201
1373595,10207
1373645,10208
1373695,10217
1373745,10208
1373795,10226
1373845,10243
1373895,10245
1373945,10268
1373995,10264
1374045,10282
1374095,10298
1374145,10298
1374195,10290
1374245,10273
1374295,10245
1374345,10235
1374395,10242
1374445,10241
1374495,10249
1374545,10238
1374595,10250
1374645,10245
1374695,10261
1374745,10279
1374795,10279
1374845,10281
1374895,10283
1374945,10286
1374995,10261
1375045,10233
1375095,10213
1375145,10181
1375195,10139
1375245,10099
1375295,10092
1375345,10108
1375395,10119
1375445,10138
1375495,10157
1375545,10157
1375595,10160
1375645,10192
1375695,10207
1375745,10227
1375795,10220
1375845,10185
1375895,10174
1375945,10162
1375995,10163
1376045,10159
1376095,10160
1376145,10163
1376195,10178
1376245,10192
1376295,10199
1376345,10213
1376395,10236
1376445,10251
1376495,10277
1376545,10269
1376595,10251
1376645,10233
1376695,10241
1376745,10246
1376795,10245
1376845,10247
1376895,10253
1376945,10253
1376995,10262
1377045,10277
1377095,10279
1377145,10295
1377195,10297
1377245,10310
1377295,10301
1377345,10285
1377395,10270
1377445,10269
1377495,10269
1377545,10277
1377595,10271
1377646,10244
1377695,10275
1377745,10278
1377795,10298
1377845,10306
1377895,10325
1377945,10313
1377995,10307
1378046,10234
1378096,10230
1378146,10232
1378195,10269
1378245,10289
1378295,10297
1378345,10297
1378395,10299
1378445,10310
1378495,10305
1378545,10323
1378595,10346
1378645,10351
1378695,10369
1378745,10361
1378795,10356
1378845,10340
1378895,10335
1378945,10334
1378995,10332
1379045,10347
1379095,10352
1379145,10356
1379195,10359
1379245,10360
1379295,10377
1379345,10396
1379395,10407
1379445,10411
1379495,10397
1379545,10391
1379595,10380
1379645,10391
1379695,10381
1379745,10381
1379795,10386
1379845,10399
1379895,10400
1379945,10410
1379995,10407
1380045,10417
1380095,10435
1380145,10439
1380195,10454
1380245,10434
1380295,10443
1380345,10432
1380395,10431
1380445,10422
1380495,10422
1380545,10441
1380595,10438
1380645,10441
1380695,10450
1380745,10441
1380795,10449
1380845,10462
1380895,10473
1380945,10479
1380995,10458
1381045,10460
1381095,10442
1381145,10442
1381195,10435
1381245,10427
1381295,10418
1381345,10433
1381395,10427
1381445,10439
1381495,10437
1381545,10427
1381595,10446
1381645,10444
1381695,10464
1381745,10453
1381795,10446
1381845,10434
1381895,10426
1381945,10427
1381995,10417
1382045,10420
1382095,10420
1382145,10414
1382195,10410
1382245,10415
1382295,10426
1382345,10425
1382395,10437
1382445,10440
1382495,10443
1382545,10443
1382595,10456
1382646,10440
1382695,10416
1382745,10424
1382795,10408
1382845,10423
1382895,10411
1382945,10400
1382995,10377
1383046,10360
1383096,10323
1383145,10305
1383195,10308
1383245,10354
1383295,10370
1383345,10350
1383395,10326
1383445,10305
1383495,10302
1383545,10313
1383595,10311
1383645,10302
1383695,10298
1383745,10299
1383795,10310
1383845,10329
1383895,10329
1383945,10335
1383995,10350
1384045,10344
1384095,10333
1384145,10320
1384195,10316
1384245,10321
1384295,10317
1384345,10324
1384395,10335
1384445,10337
1384495,10342
1384545,10347
1384595,10361
1384645,10378
1384695,10372
1384745,10357
1384795,10337
1384845,10339
1384895,10341
1384945,10341
1384995,10344
1385045,10341
1385095,10363
1385145,10362
1385195,10365
1385245,10370
1385295,10370
1385345,10377
1385395,10393
1385445,10369
1385495,10337
1385545,10322
1385595,10321
1385645,10331
1385695,10330
1385745,10326
1385795,10326
1385845,10332
1385895,10352
1385945,10350
1385995,10364
1386045,10360
1386095,10337
1386145,10323
1386195,10303
1386245,10302
1386295,10295
1386345,10300
1386395,10301
1386445,10294
1386495,10305
1386545,10301
1386595,10303
1386645,10304
1386695,10304
1386745,10284
1386795,10281
1386845,10240
1386895,10218
1386945,10205
1386995,10198
1387045,10187
1387095,10193
1387145,10209
1387195,10213
1387245,10206
1387295,10218
1387345,10227
1387395,10248
1387445,10259
1387495,10257
1387545,10267
1387595,10252
1387646,10188
1387695,10231
1387745,10217
1387795,10211
1387845,10209
1387895,10220
1387945,10220
1387995,10221
1388045,10167
1388096,10167
1388145,10164
1388196,10175
1388245,10192
1388295,10246
1388345,10253
1388395,10257
1388445,10240
1388495,10220
1388545,10203
1388595,10210
1388645,10222
1388695,10223
1388745,10225
1388795,10225
1388845,10225
1388895,10245
1388945,10256
1388995,10268
1389045,10268
1389095,10278
1389145,10289
1389195,10278
1389245,10256
1389295,10251
1389345,10235
1389395,10255
1389445,10248
1389495,10248
1389545,10252
1389595,10243
1389645,10247
1389695,10264
1389745,10263
1389795,10263
1389845,10270
1389895,10282
1389945,10300
1389995,10301
1390045,10288
1390095,10263
1390145,10260
1390195,10254
1390245,10243
1390295,10235
1390345,10245
1390395,10243
1390445,10255
1390495,10248
1390545,10253
1390595,10264
1390645,10265
1390695,10275
1390745,10282
1390795,10287
1390845,10281
1390895,10281
1390945,10267
1390995,10263
1391045,10252
1391095,10259
1391145,10249
1391195,10245
1391245,10253
1391295,10248
1391345,10250
1391395,10242
1391445,10247
1391495,10257
1391545,10260
1391595,10261
1391645,10244
1391695,10224
1391745,10205
1391795,10196
1391845,10185
1391895,10173
1391945,10187
1391995,10177
1392045,10174
1392095,10170
1392145,10166
1392195,10182
1392245,10176
1392295,10176
1392345,10180
1392395,10171
1392445,10180
1392495,10202
1392545,10185
1392595,10168
1392646,10147
1392695,10134
1392745,10145
1392795,10137
1392845,10135
1392895,10132
1392945,10130
1392995,10138
1393045,10139
1393096,10083
1393146,10089
1393195,10085
1393245,10149
1393295,10146
1393345,10132
1393395,10114
1393445,10093
1393495,10096
1393545,10072
1393595,10078
1393645,10061
1393695,10061
1393745,10064
1393795,10068
1393845,10071
1393895,10074
1393945,10070
1393995,10093
1394045,10090
1394095,10100
1394145,10102
1394195,10110
1394245,10098
1394295,10078
1394345,10052
1394395,10031
1394445,10026
1394495,10041
1394545,10051
1394595,10047
1394645,10048
1394695,10064
1394745,10079
1394795,10103
1394845,10108
1394895,10110
1394945,10121
1394995,10147
1395045,10152
1395095,10152
1395145,10153
1395195,10134
1395245,10130
1395295,10136
1395345,10131
1395395,10126
1395445,10120
1395495,10125
1395545,10124
1395595,10111
1395645,10115
1395695,10121
1395745,10129
1395795,10148
1395845,10143
1395895,10129
1395945,10120
1395995,10112
1396045,10122
1396095,10117
1396145,10119
1396195,10133
1396245,10140
1396295,10147
1396345,10156
1396395,10177
1396445,10196
1396495,10196
1396545,10216
1396595,10218
1396645,10223
1396695,10199
1396745,10172
1396795,10158
1396845,10132
1396895,10091
1396945,10071
1396995,10046
1397045,10010
1397095,9974
1397145,9970
1397195,10012
1397245,10015
1397295,10025
1397345,9987
1397395,9959
1397445,9951
1397495,9884
1397545,9878
1397595,9900
1397646,9889
1397695,9937
1397745,9949
1397795,9957
1397845,9957
1397895,9965
1397945,10012
1397995,10057
1398046,10082
1398096,10071
1398146,10073
1398196,10098
1398245,10136
1398295,10172
1398345,10179
1398395,10162
1398445,10171
1398495,10182
1398545,10192
1398595,10205
1398645,10201
1398695,10215
1398745,10219
1398795,10239
1398845,10243
1398895,10247
1398945,10265
1398995,10272
1399045,10263
1399095,10242
1399145,10216
1399195,10218
1399245,10218
1399295,10222
1399345,10223
1399395,10226
1399445,10213
1399495,10227
1399545,10222
1399595,10233
1399645,10226
1399695,10227
1399745,10234
1399795,10250
1399845,10245
1399895,10217
1399945,10194
1399995,10175
1400045,10176
1400095,10177
1400145,10162
1400195,10152
1400245,10142
1400295,10147
1400345,10156
1400395,10150
1400445,10146
1400495,10148
1400545,10158
1400595,10162
1400645,10162
1400695,10164
1400745,10153
1400795,10140
1400845,10124
1400895,10114
1400945,10085
1400995,10088
1401045,10083
1401095,10089
1401145,10082
1401195,10076
1401245,10083
1401295,10087
1401345,10102
1401395,10106
1401445,10094
1401495,10114
1401545,10119
1401595,10142
1401645,10122
1401695,10105
1401745,10095
1401795,10081
1401845,10088
1401895,10093
1401945,10088
1401995,10084
1402045,10084
1402095,10089
1402145,10110
1402195,10119
1402245,10110
1402295,10125
1402345,10134
1402395,10148
1402445,10159
1402495,10154
1402545,10137
1402595,10120
1402646,10096
1402695,10106
1402745,10102
1402795,10119
1402845,10116
1402895,10125
1402945,10114
1402995,10108
1403046,10119
1403096,10053
1403146,10050
1403196,10049
1403245,10109
1403295,10110
1403345,10088
1403395,10063
1403445,10063
1403495,10038
1403545,10023
1403595,10023
1403645,10023
1403695,10017
1403745,9989
1403795,10002
1403845,10000
1403895,10002
1403945,9996
1403995,9986
1404045,9986
1404095,9987
1404145,9999
1404195,9978
1404245,9949
1404295,9934
1404345,9911
1404395,9904
1404445,9888
1404495,9871
1404545,9868
1404595,9876
1404645,9873
1404695,9863
1404745,9861
1404795,9871
1404845,9871
1404895,9878
1404945,9881
1404995,9871
1405045,9880
1405095,9879
1405145,9872
1405195,9872
1405245,9863
1405295,9851
1405345,9855
1405395,9862
1405445,9860
1405495,9867
1405545,9870
1405595,9867
1405645,9887
1405695,9899
1405745,9902
1405795,9909
1405845,9907
1405895,9904
1405945,9895
1405995,9887
1406045,9884
1406095,9888
1406145,9897
1406195,9897
1406245,9892
1406295,9889
1406345,9900
1406395,9906
1406445,9918
1406495,9925
1406545,9932
1406595,9942
1406645,9960
1406695,9973
1406745,9968
1406795,9942
1406845,9938
1406895,9936
1406945,9950
1406995,9945
1407045,9946
1407095,9943
1407145,9935
1407195,9961
1407245,9951
1407295,9957
1407345,9965
1407395,9966
1407445,9993
1407495,9991
1407545,9976
1407595,9976
1407646,9956
1407695,9923
1407745,9948
1407795,9942
1407845,9943
1407895,9923
1407945,9944
1407995,9964
1408045,9980
1408096,9986
1408145,9979
1408196,9993
1408245,10034
1408295,10088
1408345,10118
1408395,10129
1408445,10122
1408495,10116
1408545,10106
1408595,10118
1408645,10116
1408695,10112
1408745,10113
1408795,10120
1408845,10134
1408895,10130
1408945,10142
1408995,10142
1409045,10146
1409095,10155
1409145,10167
1409195,10169
1409245,10180
1409295,10199
1409345,10199
1409395,10195
1409445,10172
1409495,10177
1409545,10180
1409595,10174
1409645,10184
1409695,10181
1409745,10182
1409795,10197
1409845,10201
1409895,10213
1409945,10216
1409995,10224
1410045,10224
1410095,10263
1410145,10256
1410195,10244
1410245,10194
1410295,10169
1410345,10166
1410395,10166
1410445,10174
1410495,10174
1410545,10176
1410595,10166
1410645,10170
1410695,10187
1410745,10184
1410795,10193
1410845,10190
1410895,10192
1410945,10194
1410995,10210
1411045,10228
1411095,10224
1411145,10218
1411195,10214
1411245,10215
1411295,10219
1411345,10217
1411395,10219
1411445,10210
1411495,10214
1411545,10213
1411595,10206
1411645,10217
1411695,10215
1411745,10227
1411795,10227
1411845,10223
1411895,10222
1411945,10229
1411995,10215
1412045,10219
1412095,10208
1412145,10195
1412195,10200
1412245,10214
1412295,10240
1412345,10237
1412395,10274
1412445,10337
1412495,10393
1412545,10384
1412595,10372
1412646,10321
1412695,10331
1412745,10297
1412795,10276
1412845,10266
1412895,10254
1412945,10234
1412995,10224
1413045,10211
1413096,10143
1413146,10143
1413196,10143
1413246,10139
1413295,10198
1413345,10181
1413395,10193
1413445,10213
1413495,10207
1413545,10186
1413595,10166
1413645,10155
1413695,10147
1413745,10146
1413795,10147
1413845,10132
1413895,10131
1413945,10128
1413995,10135
1414045,10137
1414095,10143
1414145,10138
1414195,10123
1414245,10101
1414295,10090
1414345,10083
1414395,10065
1414445,10060
1414495,10058
1414545,10053
1414595,10053
1414645,10058
1414695,10054
1414745,10065
1414795,10067
1414845,10068
1414895,10076
1414945,10075
1414995,10082
1415045,10066
1415095,10060
1415145,10045
1415195,10035
1415245,10013
1415295,10023
1415345,10011
1415395,10003
1415445,9991
1415495,9989
1415545,9988
1415595,9983
1415645,9977
1415695,9981
1415745,9990
1415795,9998
1415845,10007
1415895,9959
1415945,9959
1415995,9931
1416045,9911
1416095,9900
1416145,9894
1416195,9888
1416245,9889
1416295,9879
1416345,9882
1416395,9876
1416445,9883
1416495,9893
1416545,9894
1416595,9888
1416645,9885
1416695,9905
1416745,9907
1416795,9887
1416845,9875
1416895,9866
1416945,9856
1416995,9868
1417045,9864
1417095,9850
1417145,9834
1417195,9830
1417245,9847
1417295,9835
1417345,9835
1417395,9824
1417445,9783
1417495,9742
1417545,9741
1417595,9742
1417646,9750
1417695,9690
1417745,9598
1417795,9591
1417845,9567
1417895,9481
1417945,9480
1417995,9530
1418045,9504
1418096,9474
1418146,9513
1418196,9578
1418245,9651
1418295,9743
1418345,9764
1418395,9783
1418445,9815
1418495,9834
1418545,9833
1418595,9824
1418645,9829
1418695,9833
1418745,9833
1418795,9860
1418845,9863
1418895,9853
1418945,9856
1418995,9849
1419045,9870
1419095,9876
1419145,9872
1419195,9884
1419245,9919
1419295,9943
1419345,9944
1419395,9928
1419445,9902
1419495,9876
1419545,9877
1419595,9882
1419645,9871
1419695,9874
1419745,9883
1419795,9885
1419845,9888
1419895,9890
1419945,9893
1419995,9894
1420045,9887
1420095,9867
1420145,9867
1420195,9754
1420245,9691
1420295,9702
1420345,9625
1420395,9552
1420445,9533
1420495,9547
1420545,9600
1420595,9604
1420645,9678
1420695,9735
1420745,9779
1420795,9800
1420845,9820
1420895,9831
1420945,9826
1420995,9855
1421045,9881
1421095,9878
1421145,9852
1421195,9860
1421245,9871
1421295,9877
1421345,9899
1421395,9922
1421445,9924
1421495,9938
1421545,9938
1421595,9959
1421645,9972
1421695,9967
1421745,9986
1421795,10032
1421845,10054
1421895,10050
1421945,10030
1421995,10019
1422045,10030
1422095,10045
1422145,10059
1422195,10070
1422245,10097
1422295,10121
1422345,10131
1422395,10121
1422445,10115
1422495,10139
1422545,10143
1422595,10139
1422646,10093
1422695,10150
1422745,10144
1422795,10130
1422845,10119
1422895,10098
1422945,10098
1422995,10110
1423045,10111
1423096,10110
1423146,10072
1423196,10075
1423246,10081
1423295,10125
1423345,10140
1423395,10159
1423445,10162
1423495,10174
1423545,10190
1423595,10201
1423645,10216
1423695,10233
1423745,10232
1423795,10203
1423845,10161
1423895,10156
1423945,10150
1423995,10156
1424045,10174
1424095,10179
1424145,10203
1424195,10244
1424245,10278
1424295,10211
1424345,10211
1424395,10219
1424445,10322
1424495,10374
1424545,10397
1424595,10347
1424645,10279
1424695,10188
1424745,10151
1424795,10195
1424845,10225
1424895,10244
1424945,10269
1424995,10293
1425045,10305
1425095,10298
1425145,10306
1425195,10311
1425245,10313
1425295,10308
1425345,10291
1425395,10280
1425445,10275
1425495,10278
1425545,10277
1425595,10257
1425645,10222
1425695,10137
1425745,10137
1425795,10097
1425845,10080
1425895,10006
1425945,9943
1425995,10000
1426045,10036
1426095,10101
1426145,10144
1426195,10148
1426245,10141
1426295,10155
1426345,10164
1426395,10167
1426445,10169
1426495,10150
1426545,10148
1426595,10163
1426645,10157
1426695,10154
1426745,10150
1426795,10172
1426845,10170
1426895,10170
1426945,10191
1426995,10178
1427045,10180
1427095,10161
1427145,10161
1427195,10156
1427245,10145
1427295,10138
1427345,10153
1427395,10144
1427445,10148
1427495,10145
1427545,10150
1427595,10149
1427646,10112
1427695,10104
1427745,10084
1427795,10124
1427845,10170
1427895,10183
1427945,10183
1427995,10165
1428045,10157
1428095,10164
1428146,10118
1428196,10120
1428245,10125
1428295,10195
1428345,10218
1428395,10227
1428445,10229
1428495,10212
1428545,10212
1428595,10204
1428645,10178
1428695,10137
1428745,10088
1428795,10032
1428845,9972
1428895,9948
1428945,9944
1428995,9914
1429045,9911
1429095,9982
1429145,10051
1429195,10092
1429245,10107
1429295,10116
1429345,10114
1429395,10098
1429445,10076
1429495,10074
1429545,10080
1429595,10079
1429645,10086
1429695,10085
1429745,10097
1429795,10078
1429845,10064
1429895,10049
1429945,10049
1429995,10037
1430045,10037
1430095,10018
1430145,10042
1430195,10012
1430245,9991
1430295,10006
1430345,10012
1430395,10052
1430445,10037
1430495,10026
1430545,10034
1430595,10026
1430645,10049
1430695,10049
1430745,10070
1430795,10063
1430845,10062
1430895,10068
1430945,10060
1430995,10068
1431045,10072
1431095,10090
1431145,10109
1431195,10102
1431245,10106
1431295,10119
1431345,10119
1431395,10125
1431445,10146
1431495,10141
1431545,10143
1431595,10142
1431645,10112
1431695,10072
1431745,10047
1431795,10052
1431845,10077
1431895,10106
1431945,10133
1431995,10156
1432045,10165
1432095,10184
1432145,10214
1432195,10221
1432245,10234
1432295,10247
1432345,10257
1432395,10268
1432445,10268
1432495,10258
1432545,10258
1432595,10250
1432646,10207
1432695,10226
1432745,10226
1432795,10209
1432845,10196
1432895,10181
1432945,10182
1432995,10175
1433045,10173
1433095,10163
1433146,10110
1433196,10101
1433246,10105
1433295,10128
1433345,10145
1433395,10125
1433445,10124
1433495,10117
1433545,10107
1433595,10106
1433645,10101
1433695,10105
1433745,10101
1433795,10097
1433845,10103
1433895,10104
1433945,10126
1433995,10122
1434045,10103
1434095,10103
1434145,10095
1434195,10078
1434245,10065
1434295,10051
1434345,10035
1434395,10033
1434445,10025
1434495,10024
1434545,10021
1434595,10010
1434645,10013
1434695,10026
1434745,10038
1434795,10036
1434845,10049
1434895,10052
1434945,10029
1434995,10026
1435045,10005
1435095,10017
1435145,10025
1435195,10021
1435245,10034
1435295,10032
1435345,10039
1435395,10064
1435445,10066
1435495,10066
1435545,10071
1435595,10073
1435645,10106
1435695,10105
1435745,10080
1435795,10071
1435845,10039
1435895,10045
1435945,10039
1435995,10032
1436045,10043
1436095,10041
1436145,10050
1436195,10056
1436245,10064
1436295,10078
1436345,10081
1436395,10110
1436445,10112
1436495,10131
1436545,10128
1436595,10106
1436645,10104
1436695,10084
1436745,10078
1436795,10081
1436845,10064
1436895,10064
1436945,10063
1436995,10078
1437045,10084
1437095,10082
1437145,10072
1437195,10081
1437245,10095
1437295,10101
1437345,10109
1437395,10096
1437445,10114
1437495,10095
1437545,10091
1437595,10078
1437646,10032
1437695,10074
1437745,10068
1437795,10076
1437845,10072
1437895,10073
1437945,10097
1437995,10100
1438045,10108
1438096,10109
1438146,10050
1438197,10068
1438246,10068
1438296,10068
1438345,10149
1438395,10143
1438445,10114
1438495,10102
1438545,10095
1438595,10088
1438645,10069
1438695,10066
1438745,10063
1438795,10047
1438845,10068
1438895,10058
1438945,10061
1438995,10059
1439045,10065
1439095,10079
1439145,10083
1439195,10076
1439245,10083
1439295,10077
1439345,10062
1439395,10043
1439445,10031
1439495,10032
1439545,10015
1439595,10017
1439645,10001
1439695,10001
1439745,10007
1439795,10011
1439845,10015
1439895,10019
1439945,10020
1439995,10016
1440045,10018
1440095,10029
1440145,10035
1440195,10019
1440245,10010
1440295,9984
1440345,9976
1440395,9965
1440445,9960
1440495,9957
1440545,9954
1440595,9959
1440645,9975
1440695,9957
1440745,9973
1440795,9976
1440845,9986
1440895,9993
1440945,9986
1440995,9996
1441045,10014
1441095,10014
1441145,10013
1441195,10001
1441245,9967
1441295,9970
1441345,9973
1441395,9974
1441445,9969
1441495,9960
1441545,9963
1441595,9973
1441645,9980
1441695,9989
1441745,9983
1441795,9987
1441845,10004
1441895,10012
1441945,10032
1441995,10022
1442045,10044
1442095,10045
1442145,10027
1442195,9981
1442245,9924
1442295,9910
1442345,9931
1442395,9948
1442445,9968
1442495,9968
1442545,9977
1442595,10024
1442646,10044
1442695,10084
1442745,10102
1442795,10122
1442845,10130
1442895,10142
1442945,10169
1442995,10141
1443045,10078
1443095,10032
1443146,9970
1443196,9969
1443246,9962
1443296,9966
1443345,10009
1443395,10008
1443445,10035
1443495,10038
1443545,10044
1443595,10045
1443645,10042
1443695,10074
1443745,10075
1443795,10058
1443845,10058
1443895,10036
1443945,10036
1443995,10043
1444045,10036
1444095,10028
1444145,10021
1444195,10025
1444245,10034
1444295,10038
1444345,10049
1444395,10050
1444445,10062
1444495,10078
1444545,10078
1444595,10095
1444645,10073
1444695,10050
1444745,10052
1444795,10053
1444845,10053
1444895,10044
1444945,10047
1444995,10046
1445045,10061
1445095,10071
1445145,10079
1445195,10069
1445245,10069
1445295,10077
1445345,10087
1445395,10101
1445445,10101
1445495,10077
1445545,10050
1445595,10026
1445645,9981
1445695,9922
1445745,9868
1445795,9821
1445845,9821
1445895,9820
1445945,9797
1445995,9797
1446045,9782
1446095,9796
1446145,9758
1446195,9715
1446245,9752
1446295,9825
1446345,9843
1446395,9838
1446445,9868
1446495,9882
1446545,9912
1446595,9962
1446645,9962
1446695,9966
1446745,9966
1446795,9971
1446845,9965
1446895,9982
1446945,9980
1446995,9976
1447045,10006
1447095,10019
1447145,10041
1447195,10030
1447245,10019
1447295,10009
1447345,10007
1447395,10021
1447445,10037
1447495,10044
1447545,10051
1447595,10062
1447646,10038
1447695,10082
1447745,10093
1447795,10089
1447845,10103
1447895,10117
1447945,10130
1447995,10096
1448045,10096
1448095,10077
1448145,10072
1448196,10024
1448246,10011
1448295,10008
1448345,10059
1448395,10065
1448445,10071
1448495,10076
1448545,10084
1448595,10075
1448645,10088
1448695,10106
1448745,10105
1448795,10081
1448845,10061
1448895,10055
1448945,10056
1448995,10047
1449045,10040
1449095,10042
1449145,10037
1449195,10050
1449245,10041
1449295,10054
1449345,10079
1449395,10077
1449445,10077
1449495,10092
1449545,10087
1449595,10111
1449645,10182
1449695,10224
1449745,10304
1449795,10413
1449845,10455
1449895,10439
1449945,10354
1449995,10257
1450045,10187
1450095,10165
1450145,10154
1450195,10139
1450245,10111
1450295,10063
1450345,10069
1450395,10096
1450445,10110
1450495,10139
1450545,10128
1450595,10127
1450645,10144
1450695,10132
1450745,10113
1450795,10088
1450845,10088
1450895,10078
1450945,10081
1450995,10080
1451045,10077
1451095,10069
1451145,10077
1451195,10082
1451245,10089
1451295,10085
1451345,10089
1451395,10095
1451445,10072
1451495,10069
1451545,10077
1451595,10089
1451645,10131
1451695,10177
1451745,10218
1451795,10230
1451845,10244
1451895,10261
1451945,10273
1451995,10317
1452045,10351
1452095,10376
1452145,10422
1452195,10458
1452245,10458
1452295,10479
1452345,10473
1452395,10458
1452445,10462
1452495,10461
1452545,10462
1452595,10422
1452646,10392
1452695,10380
1452745,10346
1452795,10341
1452845,10314
1452895,10303
1452945,10304
1452995,10295
1453045,10298
1453095,10288
1453146,10264
1453196,10205
1453246,10175
1453295,10168
1453345,10218
1453395,10211
1453445,10203
1453495,10196
1453545,10186
1453595,10183
1453645,10183
1453695,10188
1453745,10191
1453795,10191
1453845,10188
1453895,10173
1453945,10185
1453995,10188
1454045,10169
1454095,10147
1454145,10124
1454195,10129
1454245,10122
1454295,10118
1454345,10111
1454395,10111
1454445,10103
1454495,10073
1454545,10021
1454595,10025
1454645,10068
1454695,10110
1454745,10148
1454795,10171
1454845,10161
1454895,10140
1454945,10138
1454995,10133
1455045,10133
1455095,10136
1455145,10142
1455195,10152
1455245,10172
1455295,10188
1455345,10197
1455395,10277
1455445,10426
1455495,10526
1455545,10581
1455595,10637
1455645,10655
1455695,10656
1455745,10637
1455795,10603
1455845,10573
1455895,10562
1455945,10548
1455995,10534
1456045,10523
1456095,10512
1456145,10512
1456195,10507
1456245,10499
1456295,10484
1456345,10500
1456395,10244
1456445,10484
1456495,10468
1456545,10442
1456595,10430
1456645,10412
1456695,10412
1456745,10411
1456795,10411
1456845,10402
1456895,10399
1456945,10408
1456995,10416
1457045,10418
1457095,10415
1457145,10422
1457195,10424
1457245,10437
1457295,10436
1457345,10416
1457395,10400
1457445,10398
1457495,10390
1457545,10388
1457595,10369
1457646,10329
1457695,10370
1457745,10380
1457795,10380
1457845,10372
1457895,10360
1457945,10356
1457995,10360
1458045,10355
1458095,10343
1458146,10329
1458196,10285
1458246,10256
1458296,10247
1458345,10272
1458395,10271
1458445,10266
1458495,10269
1458545,10266
1458595,10271
1458645,10258
1458695,10267
1458745,10262
1458795,10277
1458845,10280
1458895,10281
1458945,10293
1458995,10307
1459045,10318
1459095,10310
1459145,10292
1459195,10292
1459245,10286
1459295,10285
1459345,10284
1459395,10242
1459445,10204
1459495,10153
1459545,10034
1459595,9917
1459645,9818
1459695,9806
1459745,9783
1459795,9758
1459845,9742
1459895,9692
1459945,9637
1459995,9580
1460045,9529
1460095,9501
1460145,9456
1460195,9436
1460245,9419
1460295,9393
1460345,9383
1460395,9362
1460445,9349
1460495,9332
1460545,9328
1460595,9328
1460645,9280
1460695,9244
1460745,9189
1460795,9146
1460845,9096
1460895,9063
1460945,9029
1460995,9048
1461045,9043
1461095,9043
1461145,9046
1461195,9040
1461245,9084
1461295,9099
1461345,9107
1461395,9095
1461445,9083
1461495,9080
1461545,9097
1461595,9108
1461645,9104
1461695,9122
1461745,9145
1461795,9166
1461845,9177
1461895,9165
1461945,9173
1461995,9173
1462045,9187
1462095,9194
1462145,9204
1462195,9221
1462245,9237
1462295,9267
1462345,9295
1462395,9292
1462445,9272
1462495,9258
1462545,9244
1462595,9226
1462646,9199
1462695,9195
1462745,9218
1462795,9225
1462845,9238
1462895,9260
1462945,9300
1462995,9333
1463045,9339
1463095,9326
1463146,9312
1463196,9287
1463246,9289
1463296,9294
1463345,9321
1463395,9321
1463445,9339
1463495,9355
1463545,9373
1463595,9400
1463645,9405
1463695,9424
1463745,9435
1463795,9442
1463845,9457
1463895,9442
1463945,9433
1463995,9431
1464045,9428
1464095,9430
1464145,9421
1464195,9421
1464245,9432
1464295,9446
1464345,9442
1464395,9452
1464445,9469
1464495,9463
1464545,9483
1464595,9482
1464645,9473
1464695,9456
1464745,9456
1464795,9440
1464845,9451
1464895,9436
1464945,9437
1464995,9434
1465045,9434
1465095,9447
1465145,9447
1465195,9458
1465245,9468
1465295,9475
1465345,9494
1465395,9497
1465445,9501
1465495,9506
1465545,9484
1465595,9478
1465645,9468
1465695,9468
1465745,9475
1465795,9472
1465845,9484
1465895,9496
1465945,9510
1465995,9511
1466045,9516
1466095,9504
1466145,9504
1466195,9492
1466245,9492
1466295,9487
1466345,9499
1466395,9497
1466445,9482
1466495,9478
1466545,9480
1466595,9484
1466645,9482
1466695,9483
1466745,9492
1466795,9493
1466845,9503
1466895,9512
1466945,9510
1466995,9516
1467045,9521
1467095,9535
1467145,9542
1467195,9543
1467245,9514
1467295,9480
1467345,9479
1467395,9462
1467445,9448
1467495,9432
1467545,9432
1467595,9427
1467646,9438
1467695,9431
1467745,9455
1467795,9476
1467845,9486
1467895,9520
1467945,9535
1467995,9555
1468045,9579
1468095,9604
1468146,9623
1468196,9544
1468246,9524
1468296,9520
1468345,9552
1468395,9586
1468445,9585
1468495,9579
1468545,9589
1468595,9601
1468645,9618
1468695,9616
1468745,9647
1468795,9664
1468845,9676
1468895,9648
1468945,9648
1468995,9634
1469045,9639
1469095,9610
1469145,9578
1469195,9555
1469245,9515
1469295,9461
1469345,9434
1469395,9434
1469445,9455
1469495,9466
1469545,9484
1469595,9491
1469645,9506
1469695,9516
1469745,9525
1469795,9546
1469845,9540
1469895,9517
1469945,9510
1469995,9485
1470045,9501
1470095,9502
1470145,9508
1470195,9505
1470245,9500
1470295,9499
1470345,9499
1470395,9499
1470445,9491
1470495,9488
1470545,9479
1470595,9495
1470645,9498
1470695,9504
1470745,9494
1470795,9470
1470845,9476
1470895,9468
1470945,9476
1470995,9474
1471045,9464
1471095,9478
1471145,9486
1471195,9487
1471245,9503
1471295,9504
1471345,9511
1471395,9518
1471445,9525
1471495,9539
1471545,9520
1471595,9497
1471645,9476
1471695,9459
1471745,9459
1471795,9444
1471845,9437
1471895,9436
1471945,9438
1471995,9439
1472045,9447
1472095,9441
1472145,9455
1472195,9460
1472245,9470
1472295,9465
1472345,9474
1472395,9487
1472445,9463
1472495,9461
1472545,9438
1472595,9444
1472646,9435
1472695,9446
1472745,9450
1472795,9443
1472845,9448
1472895,9469
1472945,9460
1472995,9472
1473045,9466
1473095,9466
1473145,9470
1473196,9487
1473245,9406
1473296,9400
1473345,9377
1473395,9420
1473445,9419
1473495,9410
1473545,9410
1473595,9398
1473645,9408
1473695,9416
1473745,9426
1473795,9426
1473845,9413
1473895,9426
1473945,9428
1473995,9428
1474045,9407
1474095,9380
1474145,9374
1474195,9347
1474245,9330
1474295,9332
1474345,9317
1474395,9324
1474445,9319
1474495,9319
1474545,9317
1474595,9314
1474645,9321
1474695,9326
1474745,9334
1474795,9335
1474845,9340
1474895,9308
1474945,9299
1474995,9274
1475045,9276
1475095,9270
1475145,9265
1475195,9272
1475245,9258
1475295,9261
1475345,9277
1475395,9275
1475445,9283
1475495,9279
1475545,9280
1475595,9272
1475645,9266
1475695,9242
1475745,9210
1475795,9210
1475845,9196
1475895,9196
1475945,9194
1475995,9201
1476045,9189
1476095,9198
1476145,9206
1476195,9215
1476245,9223
1476295,9220
1476345,9233
1476395,9235
1476445,9235
1476495,9198
1476545,9176
1476595,9155
1476645,9121
1476695,9066
1476745,9055
1476795,9088
1476845,9164
1476895,9241
1476945,9283
1476995,9279
1477045,9280
1477095,9320
1477145,9320
1477195,9297
1477245,9110
1477295,9110
1477345,8663
1477395,8689
1477445,8849
1477495,8784
1477545,8792
1477595,8860
1477646,8915
1477695,8965
1477745,9016
1477795,9049
1477845,9095
1477895,9143
1477945,9187
1477995,9247
1478045,9296
1478095,9365
1478145,9403
1478196,9356
1478245,9371
1478295,9376
1478346,9402
1478395,9450
1478445,9443
1478495,9453
1478545,9452
1478595,9452
1478645,9469
1478695,9469
1478745,9465
1478795,9472
1478845,9484
1478895,9499
1478945,9499
1478995,9471
1479045,9451
1479095,9435
1479145,9440
1479195,9439
1479245,9442
1479295,9442
1479345,9446
1479395,9466
1479445,9466
1479495,9477
1479545,9491
1479595,9494
1479645,9510
1479695,9507
1479745,9497
1479795,9484
1479845,9485
1479895,9487
1479945,9484
1479995,9489
1480045,9484
1480095,9484
1480145,9476
1480195,9479
1480245,9478
1480295,9493
1480345,9495
1480395,9515
1480445,9508
1480495,9394
1480545,9451
1480595,9453
1480645,9401
1480695,9316
1480745,9349
1480795,9290
1480845,9237
1480895,9175
1480945,9157
1480995,9132
1481045,9026
1481095,8957
1481145,8911
1481195,8886
1481245,8931
1481295,9095
1481345,9100
1481395,9026
1481445,9026
1481495,8993
1481545,8801
1481595,8769
1481645,8864
1481695,9010
1481745,9050
1481795,9120
1481845,9224
1481895,9314
1481945,9395
1481995,9436
1482045,9553
1482095,9771
1482145,9780
1482195,9660
1482245,10154
1482295,10482
1482345,10666
1482395,10644
1482445,10600
1482495,10495
1482545,10381
1482595,10306
1482646,10198
1482695,10187
1482745,10090
1482795,10030
1482845,10030
1482895,10014
1482945,9971
1482995,9946
1483045,9908
1483095,9883
1483145,9876
1483196,9879
1483246,9847
1483296,9826
1483345,9832
1483395,9868
1483445,9855
1483495,9862
1483545,9852
1483595,9857
1483645,9844
1483695,9824
1483745,9812
1483795,9780
1483845,9766
1483895,9737
1483945,9730
1483995,9749
1484045,9735
1484095,9727
1484145,9732
1484195,9750
1484245,9750
1484295,9756
1484345,9768
1484395,9803
1484445,9787
1484495,9820
1484545,9793
1484595,9781
1484645,9803
1484695,9764
1484745,9785
1484795,9778
1484845,9769
1484895,9754
1484945,9769
1484995,9798
1485045,9786
1485095,9802
1485145,9787
1485195,9774
1485245,9795
1485295,9783
1485345,9803
1485395,9799
1485445,9793
1485495,9812
1485545,9798
1485595,9802
1485645,9802
1485695,9826
1485745,9806
1485795,9826
1485845,9835
1485895,9824
1485945,9812
1485995,9795
1486045,9807
1486095,9787
1486145,9738
1486195,9709
1486245,9672
1486295,9666
1486345,9606
1486395,9568
1486445,9546
1486495,9520
1486545,9542
1486595,9547
1486645,9559
1486695,9544
1486745,9537
1486795,9555
1486845,9570
1486895,9587
1486945,9596
1486995,9637
1487045,9637
1487095,9674
1487145,9691
1487195,9733
1487245,9753
1487295,9784
1487345,9788
1487395,9805
1487445,9828
1487495,9848
1487545,9858
1487595,9871
1487646,9860
1487695,9899
1487745,9887
1487795,9885
1487845,9858
1487895,9842
1487945,9846
1487995,9843
1488045,9850
1488095,9847
1488145,9876
1488195,9872
1488246,9875
1488296,9903
1488346,9904
1488395,9950
1488445,9950
1488495,9963
1488545,9947
1488595,9965
1488645,9950
1488695,9941
1488745,9950
1488795,9932
1488845,9945
1488895,9928
1488945,9933
1488995,9938
1489045,9936
1489095,9956
1489145,9956
1489195,9945
1489245,9952
1489295,9948
1489345,9938
1489395,9922
1489445,9910
1489495,9900
1489545,9905
1489595,9897
1489645,9892
1489695,9894
1489745,9897
1489795,9897
1489845,9900
1489895,9918
1489945,9917
1489995,9906
1490045,9888
1490095,9883
1490145,9887
1490195,9893
1490245,9887
1490295,9875
1490345,9884
1490395,9882
1490445,9886
1490495,9883
1490545,9887
1490595,9907
1490645,9896
1490695,9881
1490745,9875
1490795,9875
1490845,9886
1490895,9888
1490945,9895
1490995,9902
1491045,9917
1491095,9940
1491145,9940
1491195,9940
1491245,9945
1491295,9963
1491345,9980
1491395,10005
1491445,9976
1491495,9967
1491545,9971
1491595,9974
1491645,9987
1491695,9973
1491745,9985
1491795,9993
1491845,10002
1491895,10027
1491945,10029
1491995,10037
1492045,10036
1492095,10021
1492145,10032
1492195,10014
1492245,10032
1492295,10040
1492345,10032
1492395,10041
1492445,10017
1492495,10020
1492545,10000
1492595,10000
1492646,9991
1492695,9984
1492745,9971
1492795,9968
1492845,9952
1492895,9948
1492945,9946
1492995,9955
1493045,9982
1493095,9993
1493145,9991
1493196,10010
1493246,9973
1493296,9997
1493346,9998
1493395,10043
1493445,10035
1493495,10030
1493545,10044
1493595,10012
1493645,9958
1493695,9921
1493745,9899
1493795,9915
1493845,9932
1493895,9950
1493945,9956
1493995,9956
1494045,9967
1494095,9976
1494145,9974
1494195,9984
1494245,9992
1494295,10017
1494345,10034
1494395,10041
1494445,10058
1494495,10052
1494545,10075
1494595,10093
1494645,10083
1494695,10083
1494745,10055
1494795,10065
1494845,10070
1494895,10069
1494945,10094
1494995,10113
1495045,10151
1495095,10151
1495145,10137
1495195,10141
1495245,10128
1495295,10138
1495345,10119
1495395,10119
1495445,10106
1495495,10091
1495545,10087
1495595,10103
1495645,10095
1495695,10087
1495745,10092
1495795,10095
1495845,10115
1495895,10119
1495945,10094
1495995,10069
1496045,10052
1496095,10070
1496145,10057
1496195,10062
1496245,10061
1496295,10053
1496345,10064
1496395,10067
1496445,10077
1496495,10071
1496545,10079
1496595,10061
1496645,10035
1496695,10031
1496745,10005
1496795,10005
1496845,10003
1496895,10005
1496945,9999
1496995,9997
1497045,9985
1497095,9993
1497145,10000
1497195,9999
1497245,10009
1497295,9981
1497345,9969
1497395,9948
1497445,9957
1497495,9968
1497545,9963
1497595,9965
1497646,9926
1497695,9960
1497745,9960
1497795,9951
1497845,9948
1497895,9943
1497945,9951
1497995,9938
1498045,9930
1498095,9936
1498145,9936
1498196,9945
1498246,9942
1498296,9927
1498346,9926
1498395,9939
1498445,9974
1498495,9994
1498545,9996
1498595,9987
1498645,9984
1498695,9976
1498745,9983
1498795,9984
1498845,9976
1498895,9983
1498945,9984
1498995,10001
1499045,9994
1499095,9996
1499145,10010
1499195,10024
1499245,10009
1499295,9984
1499345,9975
1499395,9973
1499445,9981
1499495,9993
1499545,9993
1499595,9984
1499645,9995
1499695,9987
1499745,9988
1499795,10011
1499845,10001
1499895,9999
1499945,9969
1499995,9950
1500045,9966
1500095,9955
1500145,9951
1500195,9949
1500245,9948
1500295,9961
1500345,9953
1500395,9969
1500445,9968
1500495,9974
1500545,9949
1500595,9936
1500645,9933
1500695,9924
1500745,9936
1500795,9939
1500845,9932
1500895,9937
1500945,9937
1500995,9937
1501045,9957
1501095,9956
1501145,9954
1501195,9945
1501245,9922
1501295,9924
1501345,9914
1501395,9907
1501445,9893
1501495,9887
1501545,9909
1501595,9914
1501645,9898
1501695,9903
1501745,9912
1501795,9923
1501845,9929
1501895,9909
1501945,9895
1501995,9878
1502045,9895
1502095,9891
1502145,9904
1502195,9893
1502245,9895
1502295,9910
1502345,9910
1502395,9906
1502445,9933
1502495,9922
1502545,9921
1502595,9928
1502646,9911
1502695,9908
1502745,9899
1502795,9894
1502845,9903
1502895,9901
1502945,9912
1502995,9910
1503045,9916
1503095,9917
1503145,9931
1503196,9950
1503246,9902
1503296,9909
1503346,9892
1503395,9912
1503445,9910
1503495,9899
1503545,9909
1503595,9897
1503645,9902
1503695,9910
1503745,9910
1503795,9905
1503845,9913
1503895,9910
1503945,9921
1503995,9928
1504045,9929
1504095,9932
1504145,9908
1504195,9909
1504245,9897
1504295,9894
1504345,9902
1504395,9901
1504445,9906
1504495,9896
1504545,9887
1504595,9881
1504645,9868
1504695,9873
1504745,9862
1504795,9866
1504845,9861
1504895,9842
1504945,9846
1504995,9839
1505045,9831
1505095,9837
1505145,9837
1505195,9847
1505245,9857
1505295,9854
1505345,9852
1505395,9859
1505445,9874
1505495,9883
1505545,9882
1505595,9898
1505645,9891
1505695,9879
1505745,9884
1505795,9879
1505845,9874
1505895,9874
1505945,9883
1505995,9883
1506045,9882
1506095,9891
1506145,9893
1506195,9903
1506245,9918
1506295,9919
1506345,9937
1506395,9943
1506445,9927
1506495,9926
1506545,9926
1506595,9899
1506645,9908
1506695,9917
1506745,9924
1506795,9914
1506845,9901
1506895,9924
1506945,9933
1506995,9936
1507045,9931
1507095,9935
1507145,9955
1507195,9964
1507245,9964
1507295,9924
1507345,9909
1507395,9913
1507445,9910
1507495,9924
1507545,9911
1507595,9916
1507646,9889
1507695,9921
1507745,9933
1507795,9930
1507845,9925
1507895,9925
1507945,9919
1507995,9900
1508045,9900
1508095,9864
1508145,9853
1508195,9846
1508246,9823
1508296,9797
1508346,9781
1508395,9784
1508445,9842
1508495,9840
1508545,9852
1508595,9850
1508645,9861
1508695,9862
1508745,9869
1508795,9889
1508845,9874
1508895,9866
1508945,9859
1508995,9863
1509045,9865
1509095,9871
1509145,9871
1509195,9870
1509245,9880
1509295,9880
1509345,9887
1509395,9886
1509445,9897
1509495,9897
1509545,9917
1509595,9923
1509645,9928
1509695,9915
1509745,9893
1509795,9891
1509845,9887
1509895,9888
1509945,9889
1509995,9877
1510045,9888
1510095,9898
1510145,9894
1510195,9901
1510245,9903
1510295,9925
1510345,9928
1510395,9935
1510445,9939
1510495,9912
1510545,9907
1510595,9897
1510645,9904
1510695,9904
1510745,9892
1510795,9890
1510845,9905
1510895,9898
1510945,9910
1510995,9900
1511045,9896
1511095,9913
1511145,9915
1511195,9929
1511245,9925
1511295,9924
1511345,9941
1511395,9905
1511445,9902
1511495,9880
1511545,9881
1511595,9887
1511645,9886
1511695,9889
1511745,9875
1511795,9890
1511845,9893
1511895,9890
1511945,9903
1511995,9893
1512045,9904
1512095,9904
1512145,9905
1512195,9909
1512245,9905
1512295,9880
1512345,9870
1512395,9866
1512445,9865
1512495,9864
1512545,9850
1512595,9856
1512646,9852
1512695,9866
1512745,9870
1512795,9858
1512845,9874
1512895,9877
1512945,9884
1512995,9885
1513045,9881
1513095,9880
1513145,9863
1513195,9857
1513246,9791
1513296,9779
1513346,9786
1513395,9818
1513445,9823
1513495,9823
1513545,9821
1513595,9827
1513645,9833
1513695,9831
1513745,9834
1513795,9821
1513845,9830
1513895,9839
1513945,9845
1513995,9828
1514045,9790
1514095,9783
1514145,9779
1514195,9764
1514245,9774
1514295,9769
1514345,9762
1514395,9784
1514445,9787
1514495,9811
1514545,9817
1514595,9834
1514645,9852
1514695,9849
1514745,9858
1514795,9860
1514845,9877
1514895,9877
1514945,9860
1514995,9851
1515045,9843
1515095,9842
1515145,9859
1515195,9854
1515245,9848
1515295,9846
1515345,9849
1515395,9875
1515445,9871
1515495,9867
1515545,9873
1515595,9879
1515645,9892
1515695,9897
1515745,9896
1515795,9882
1515845,9873
1515895,9885
1515945,9876
1515995,9879
1516045,9880
1516095,9868
1516145,9891
1516195,9897
1516245,9897
1516295,9902
1516345,9904
1516395,9900
1516445,9915
1516495,9916
1516545,9937
1516595,9940
1516645,9948
1516695,9932
1516745,9913
1516795,9923
1516845,9914
1516895,9920
1516945,9914
1516995,9908
1517045,9922
1517095,9926
1517145,9924
1517195,9933
1517245,9940
1517295,9966
1517345,9967
1517395,9955
1517445,9959
1517495,9957
1517545,9942
1517595,9940
1517646,9961
1517695,9961
1517745,10039
1517795,10068
1517845,10092
1517895,10095
1517945,10096
1517995,10093
1518045,10140
1518095,10171
1518145,10205
1518195,10237
1518246,10246
1518295,10197
1518346,10188
1518396,10183
1518445,10231
1518495,10208
1518545,10217
1518595,10224
1518645,10221
1518695,10225
1518745,10225
1518795,10241
1518845,10265
1518895,10254
1518945,10275
1518995,10281
1519045,10281
1519095,10294
1519145,10309
1519195,10317
1519245,10336
1519295,10317
1519345,10321
1519395,10303
1519445,10297
1519495,10285
1519545,10280
1519595,10292
1519645,10293
1519695,10284
1519745,10296
1519795,10295
1519845,10320
1519895,10313
1519945,10321
1519995,10323
1520045,10333
1520095,10349
1520145,10325
1520195,10304
1520245,10284
1520295,10265
1520345,10284
1520395,10273
1520445,10273
1520495,10273
1520545,10259
1520595,10242
1520645,10270
1520695,10301
1520745,10327
1520795,10356
1520845,10376
1520895,10402
1520945,10418
1520995,10404
1521045,10390
1521095,10382
1521145,10375
1521195,10360
1521245,10354
1521295,10346
1521345,10353
1521395,10353
1521445,10351
1521495,10354
1521545,10352
1521595,10355
1521645,10365
1521695,10365
1521745,10367
1521795,10369
1521845,10369
1521895,10351
1521945,10328
1521995,10309
1522045,10297
1522095,10298
1522145,10293
1522195,10301
1522245,10294
1522295,10292
1522345,10248
1522395,10230
1522445,10230
1522495,10223
1522545,10217
1522595,10199
1522646,10146
1522695,10182
1522745,10153
1522795,10127
1522845,10097
1522895,10094
1522945,10089
1522995,10080
1523045,10082
1523095,10086
1523145,10107
1523195,10111
1523246,10111
1523295,10061
1523346,10072
1523396,10067
1523445,10119
1523495,10141
1523545,10144
1523595,10138
1523645,10116
1523695,10113
1523745,10085
1523795,10086
1523845,10066
1523895,10072
1523945,10079
1523995,10078
1524045,10085
1524095,10090
1524145,10085
1524195,10095
1524245,10109
1524295,10115
1524345,10123
1524395,10120
1524445,10133
1524495,10125
1524545,10115
1524595,10095
1524645,10095
1524695,10089
1524745,10092
1524795,10079
1524845,10093
1524895,10102
1524945,10098
1524995,10099
1525045,10117
1525095,10130
1525145,10136
1525195,10136
1525245,10143
1525295,10140
1525345,10140
1525395,10115
1525445,10067
1525495,10044
1525545,10016
1525595,10026
1525645,10013
1525695,10015
1525745,10003
1525795,9999
1525845,10016
1525895,10025
1525945,10037
1525995,10028
1526045,10028
1526095,10027
1526145,10047
1526195,10046
1526245,10056
1526295,10052
1526345,10043
1526395,10030
1526445,10016
1526495,10013
1526545,9949
1526595,9957
1526645,9936
1526695,9904
1526745,9933
1526795,9952
1526845,9836
1526895,9807
1526945,9798
1526995,9761
1527045,9617
1527095,9361
1527145,9308
1527195,9286
1527245,9278
1527295,9364
1527345,9561
1527395,9561
1527445,9709
1527495,9820
1527545,9935
1527595,10020
1527646,10008
1527695,10107
1527745,10104
1527795,10097
1527845,10073
1527895,10068
1527945,10071
1527995,10105
1528045,10145
1528095,10159
1528145,10168
1528195,10162
1528245,10166
1528296,10113
1528346,10120
1528396,10126
1528445,10198
1528495,10213
1528545,10235
1528595,10232
1528645,10251
1528695,10258
1528745,10281
1528795,10281
1528845,10295
1528895,10308
1528945,10308
1528995,10300
1529045,10287
1529095,10274
1529145,10270
1529195,10263
1529245,10247
1529295,10245
1529345,10261
1529395,10264
1529445,10267
1529495,10271
1529545,10287
1529595,10296
1529645,10297
1529695,10306
1529745,10318
1529795,10331
1529845,10323
1529895,10280
1529945,10234
1529995,10340
1530045,10445
1530095,10469
1530145,10411
1530195,10411
1530245,10356
1530295,10294
1530345,10293
1530395,10291
1530445,10278
1530495,10273
1530545,10280
1530595,10299
1530645,10293
1530695,10283
1530745,10257
1530795,10256
1530845,10259
1530895,10257
1530945,10255
1530995,10257
1531045,10254
1531095,10279
1531145,10282
1531195,10295
1531245,10295
1531295,10295
1531345,10317
1531395,10317
1531445,10302
1531495,10282
1531545,10285
1531595,10285
1531645,10292
1531695,10288
1531745,10283
1531795,10279
1531845,10280
1531895,10293
1531945,10305
1531995,10291
1532045,10297
1532095,10290
1532145,10284
1532195,10263
1532245,10256
1532295,10253
1532345,10250
1532395,10251
1532445,10244
1532495,10246
1532545,10250
1532595,10254
1532646,10235
1532695,10265
1532745,10254
1532795,10238
1532845,10236
1532895,10228
1532945,10220
1532995,10220
1533045,10215
1533095,10207
1533145,10212
1533195,10233
1533245,10236
1533296,10210
1533346,10220
1533396,10221
1533445,10255
1533495,10266
1533545,10248
1533595,10231
1533645,10203
1533695,10193
1533745,10191
1533795,10195
1533845,10200
1533895,10224
1533945,10277
1533995,10328
1534045,10373
1534095,10377
1534145,10388
1534195,10404
1534245,10409
1534295,10422
1534345,10400
1534395,10400
1534445,10375
1534495,10373
1534545,10354
1534595,10339
1534645,10326
1534695,10335
1534745,10349
1534795,10353
1534845,10364
1534895,10357
1534945,10374
1534995,10381
1535045,10397
1535095,10417
1535145,10417
1535195,10438
1535245,10423
1535295,10395
1535345,10366
1535395,10342
1535445,10346
1535495,10371
1535545,10372
1535595,10359
1535645,10327
1535695,10333
1535745,10336
1535795,10336
1535845,10353
1535895,10366
1535945,10360
1535995,10388
1536045,10389
1536095,10409
1536145,10409
1536195,10411
1536245,10423
1536295,10410
1536345,10408
1536395,10387
1536445,10391
1536495,10408
1536545,10405
1536595,10420
1536645,10412
1536695,10407
1536745,10429
1536795,10430
1536845,10446
1536895,10448
1536945,10456
1536995,10462
1537045,10454
1537095,10448
1537145,10428
1537195,10428
1537245,10411
1537295,10415
1537345,10403
1537395,10409
1537445,10399
1537495,10397
1537545,10402
1537595,10405
1537646,10403
1537695,10383
1537745,10382
1537795,10371
1537845,10355
1537895,10353
1537945,10345
1537995,10325
1538045,10319
1538095,10318
1538145,10320
1538195,10318
1538245,10317
1538296,10270
1538346,10268
1538395,10273
1538445,10324
1538495,10323
1538545,10307
1538595,10307
1538645,10298
1538695,10300
1538745,10298
1538795,10300
1538845,10298
1538895,10297
1538945,10307
1538995,10282
1539045,10294
1539095,10303
1539145,10309
1539195,10326
1539245,10328
1539295,10346
1539345,10362
1539395,10351
1539445,10334
1539495,10320
1539545,10298
1539595,10284
1539645,10297
1539695,10293
1539745,10284
1539795,10289
1539845,10285
1539895,10311
1539945,10311
1539995,10309
1540045,10303
1540095,10309
1540145,10305
1540195,10308
1540245,10282
1540295,10249
1540345,10240
1540395,10219
1540445,10223
1540495,10217
1540545,10207
1540595,10201
1540645,10196
1540695,10195
1540745,10197
1540795,10190
1540845,10186
1540895,10185
1540945,10196
1540995,10200
1541045,10137
1541095,10073
1541145,10198
1541195,10290
1541245,10287
1541295,10259
1541345,10259
1541395,10239
1541445,10229
1541495,10227
1541545,10251
1541595,10122
1541645,10061
1541695,10004
1541745,9900
1541795,9917
1541845,9929
1541895,9914
1541945,9934
1541995,9922
1542045,9906
1542095,9924
1542145,9880
1542195,9837
1542245,9802
1542295,9825
1542345,9775
1542395,9781
1542445,9823
1542495,9877
1542545,9902
1542595,9924
1542646,9894
1542695,9936
1542745,9936
1542795,9920
1542845,9882
1542895,9780
1542945,9740
1542995,9720
1543045,9758
1543095,9778
1543145,9748
1543195,9649
1543245,9589
1543296,9535
1543346,9544
1543396,9611
1543445,9639
1543495,9685
1543545,9757
1543595,9802
1543645,9873
1543695,9944
1543745,9972
1543795,9972
1543845,9980
1543895,10009
1543945,10001
1543995,9983
1544045,9952
1544095,9934
1544145,9934
1544195,9942
1544245,9955
1544295,9970
1544345,9977
1544395,9989
1544445,10008
1544495,10032
1544545,10056
1544595,10065
1544645,10079
1544695,10086
1544745,10041
1544795,10011
1544845,9979
1544895,9975
1544945,10018
1544995,10019
1545045,10036
1545095,10030
1545145,9996
1545195,9960
1545245,9963
1545295,10022
1545345,10048
1545395,10066
1545445,10071
1545495,10074
1545545,10074
1545595,10087
1545645,10092
1545695,10109
1545745,10116
1545795,10125
1545845,10095
1545895,10075
1545945,10063
1545995,10048
1546045,10044
1546095,10034
1546145,10000
1546195,10003
1546245,10020
1546295,10021
1546345,9973
1546395,9939
1546445,9985
1546495,10036
1546545,10063
1546595,10088
1546645,10080
1546695,10093
1546745,10084
1546795,10082
1546845,10076
1546895,10065
1546945,10065
1546995,10083
1547045,10073
1547095,10079
1547145,10083
1547195,10074
1547245,10098
1547295,10100
1547345,10122
1547395,10103
1547445,10080
1547495,10102
1547545,10080
1547595,10089
1547918,10012
1547920,10012
1547925,10012
1547930,10012
1547936,10014
1547941,10014
1547946,10014
1547995,10084
1548045,10100
1548095,10106
1548145,10066
1548195,10052
1548245,10044
1548296,9968
1548346,9968
1548396,9973
1548445,9940
1548495,9965
1548545,10015
1548595,9880
1548645,9729
1548695,9725
1548745,9662
1548795,9654
1548845,9703
1548895,9629
1548945,9616
1548995,9640
1549045,9726
1549095,9808
1549145,9877
1549195,9905
1549245,9904
1549295,9880
1549345,9856
1549395,9826
1549445,9718
1549495,9734
1549545,9690
1549595,9594
1549645,9604
1549695,9541
1549745,9541
1549795,9511
1549845,9480
1549895,9381
1549945,9354
1549995,9369
1550045,9428
1550095,9484
1550145,9283
1550195,9264
1550245,9332
1550295,9484
1550345,9614
1550395,9716
1550445,9709
1550495,9634
1550545,9594
1550595,9562
1550645,9586
1550695,9601
1550745,9580
1550795,9638
1550845,9664
1550895,9650
1550945,9629
1550995,9597
1551045,9601
1551095,9591
1551145,9591
1551195,9618
1551245,9628
1551295,9605
1551345,9602
1551395,9616
1551445,9602
1551495,9588
1551545,9576
1551595,9602
1551645,9604
1551695,9620
1551745,9613
1551795,9626
1551845,9665
1551895,9662
1551945,9661
1551995,9636
1552045,9630
1552095,9689
1552145,9666
1552195,9703
1552245,9605
1552295,9657
1552345,9751
1552395,9853
1552445,9867
1552495,9766
1552545,9766
1552595,9842
1552646,9885
1552695,9895
1552745,9963
1552795,9907
1552845,9930
1552895,9927
1552945,9863
1552995,9846
1553045,9811
1553095,9817
1553145,9885
1553195,9893
1553245,9880
1553296,9855
1553346,9871
1553396,9862
1553446,9834
1553495,9877
1553545,9848
1553595,9833
1553645,9825
1553695,9828
1553745,9824
1553795,9802
1553845,9803
1553895,9803
1553945,9804
1553995,9797
1554045,9798
1554095,9783
1554145,9818
1554195,9821
1554245,9827
1554295,9818
1554345,9795
1554395,9795
1554445,9758
1554495,9755
1554545,9747
1554595,9717
1554645,9700
1554695,9630
1554745,9588
1554795,9566
1554845,9527
1554895,9492
1554945,9495
1554995,9482
1555045,9433
1555095,9392
1555145,9400
1555195,9425
1555245,9418
1555295,9418
1555345,9407
1555395,9393
1555445,9405
1555495,9399
1555545,9391
1555595,9360
1555645,9356
1555695,9343
1555745,9320
1555795,9303
1555845,9268
1555895,9249
1555945,9231
1555995,9231
1556045,9239
1556095,9231
1556145,9249
1556195,9263
1556245,9275
1556295,9290
1556345,9287
1556395,9308
1556445,9315
1556495,9283
1556545,9291
1556595,9281
1556645,9290
1556695,9290
1556745,9292
1556795,9286
1556845,9298
1556895,9302
1556945,9323
1556995,9322
1557045,9311
1557095,9323
1557145,9302
1557195,9306
1557245,9294
1557295,9291
1557345,9291
1557395,9279
1557445,9301
1557495,9297
1557545,9290
1557595,9302
1557646,9275
1557695,9306
1557745,9307
1557795,9298
1557845,9289
1557895,9267
1557945,9284
1557995,9273
1558045,9272
1558095,9272
1558145,9283
1558195,9285
1558245,9317
1558295,9322
1558346,9308
1558396,9319
1558446,9314
1558495,9364
1558545,9366
1558595,9386
1558645,9401
1558695,9423
1558745,9443
1558795,9452
1558845,9474
1558895,9488
1558945,9506
1558995,9533
1559045,9526
1559095,9533
1559145,9553
1559195,9551
1559245,9581
1559295,9572
1559345,9595
1559395,9612
1559445,9630
1559495,9630
1559545,9662
1559595,9668
1559645,9681
1559695,9684
1559745,9677
1559795,9693
1559845,9680
1559895,9702
1559945,9710
1559995,9711
1560045,9721
1560095,9710
1560145,9733
1560195,9739
1560245,9741
1560295,9737
1560345,9715
1560395,9729
1560445,9730
1560495,9737
1560545,9746
1560595,9727
1560645,9735
1560695,9740
1560745,9749
1560795,9743
1560845,9742
1560895,9742
1560945,9751
1560995,9729
1561045,9728
1561095,9710
1561145,9690
1561195,9699
1561245,9687
1561295,9691
1561345,9675
1561395,9676
1561445,9687
1561495,9674
1561545,9688
1561595,9681
1561645,9645
1561695,9632
1561745,9610
1561795,9613
1561845,9600
1561895,9579
1561945,9582
1561995,9569
1562045,9589
1562095,9580
1562145,9578
1562195,9571
1562245,9571
1562295,9584
1562345,9592
1562395,9577
1562445,9552
1562495,9542
1562545,9538
1562595,9537
1562646,9524
1562695,9522
1562745,9526
1562795,9522
1562845,9534
1562895,9529
1562945,9547
1562995,9546
1563045,9547
1563095,9557
1563145,9535
1563195,9545
1563245,9539
1563296,9514
1563346,9488
1563396,9483
1563445,9495
1563495,9549
1563545,9563
1563595,9570
1563645,9570
1563695,9570
1563745,9595
1563795,9605
1563845,9605
1563895,9596
1563945,9578
1563995,9603
1564045,9598
1564095,9607
1564145,9609
1564195,9600
1564245,9621
1564295,9631
1564345,9639
1564395,9662
1564445,9652
1564495,9686
1564545,9686
1564595,9667
1564645,9673
1564695,9652
1564745,9670
1564795,9668
1564845,9681
1564895,9687
1564945,9665
1564995,9687
1565045,9687
1565095,9695
1565145,9708
1565195,9717
1565245,9713
1565295,9725
1565345,9713
1565395,9718
1565445,9705
1565495,9694
1565545,9708
1565595,9705
1565645,9717
1565695,9720
1565745,9714
1565795,9726
1565845,9733
1565895,9751
1565945,9746
1565995,9747
1566045,9750
1566095,9731
1566145,9749
1566195,9736
1566245,9726
1566295,9729
1566345,9729
1566395,9748
1566445,9748
1566495,9743
1566545,9742
1566595,9755
1566645,9761
1566695,9777
1566745,9778
1566795,9770
1566845,9748
1566895,9745
1566945,9753
1566995,9746
1567045,9743
1567095,9743
1567145,9745
1567195,9758
1567245,9747
1567295,9752
1567345,9753
1567395,9758
1567445,9773
1567495,9763
1567545,9763
1567595,9761
1567646,9676
1567695,9740
1567745,9719
1567795,9975
1567845,9730
1567895,9722
1567945,9714
1567995,9721
1568045,9700
1568095,9711
1568145,9716
1568195,9721
1568245,9715
1568296,9707
1568346,9660
1568396,9635
1568446,9631
1568495,9653
1568545,9662
1568595,9661
1568645,9653
1568695,9653
1568745,9646
1568795,9650
1568845,9669
1568895,9655
1568945,9667
1568995,9664
1569045,9661
1569095,9664
1569145,9642
1569195,9642
1569245,9637
1569295,9622
1569345,9624
1569395,9638
1569445,9620
1569495,9637
1569545,9625
1569595,9644
1569645,9657
1569695,9660
1569745,9678
1569795,9669
1569845,9658
1569895,9658
1569945,9643
1569995,9656
1570045,9633
1570095,9640
1570145,9642
1570195,9651
1570245,9667
1570295,9663
1570345,9682
1570395,9701
1570445,9692
1570495,9714
1570545,9682
1570595,9682
1570645,9685
1570695,9666
1570745,9660
1570795,9656
1570845,9653
1570895,9662
1570945,9662
1570995,9655
1571045,9660
1571095,9661
1571145,9695
1571195,9695
1571245,9683
1571295,9653
1571345,9633
1571395,9646
1571445,9631
1571495,9626
1571545,9630
1571595,9616
1571645,9634
1571695,9622
1571745,9634
1571795,9625
1571845,9626
1571895,9659
1571945,9646
1571995,9646
1572045,9632
1572095,9612
1572145,9586
1572195,9595
1572245,9583
1572295,9596
1572345,9590
1572395,9579
1572445,9597
1572495,9588
1572545,9600
1572595,9570
1572646,9538
1572695,9544
1572745,9517
1572795,9497
1572845,9463
1572895,9448
1572945,9432
1572995,9414
1573045,9407
1573095,9398
1573145,9397
1573195,9415
1573245,9408
1573296,9405
1573346,9359
1573396,9359
1573445,9367
1573495,9358
1573545,9397
1573595,9393
1573645,9389
1573695,9407
1573745,9419
1573795,9410
1573845,9417
1573895,9419
1573945,9437
1573995,9447
1574045,9447
1574095,9446
1574145,9423
1574195,9418
1574245,9409
1574295,9398
1574345,9412
1574395,9406
1574445,9421
1574495,9423
1574545,9418
1574595,9440
1574645,9441
1574695,9460
1574745,9460
1574795,9445
1574845,9417
1574895,9412
1574945,9391
1574995,9408
1575045,9400
1575095,9404
1575145,9402
1575195,9404
1575245,9416
1575295,9417
1575345,9441
1575395,9439
1575445,9433
1575495,9430
1575545,9402
1575595,9401
1575645,9397
1575695,9385
1575745,9404
1575795,9396
1575845,9408
1575895,9405
1575945,9416
1575995,9428
1576045,9429
1576095,9447
1576145,9447
1576195,9439
1576245,9427
1576295,9422
1576345,9404
1576395,9405
1576445,9397
1576495,9410
1576545,9419
1576595,9405
1576645,9411
1576695,9396
1576745,9395
1576795,9404
1576845,9398
1576895,9393
1576945,9353
1576995,9350
1577045,9326
1577095,9318
1577145,9308
1577195,9281
1577245,9299
1577295,9284
1577345,9283
1577395,9287
1577445,9291
1577495,9304
1577545,9304
1577595,9293
1577646,9278
1577695,9258
1577745,9238
1577795,9241
1577845,9213
1577895,9202
1577945,9190
1577995,9190
1578045,9189
1578095,9183
1578145,9189
1578195,9180
1578245,9188
1578296,9194
1578346,9167
1578396,9169
1578445,9157
1578495,9153
1578545,9175
1578595,9163
1578645,9177
1578695,9161
1578745,9164
1578795,9180
1578845,9183
1578895,9197
1578945,9197
1578995,9199
1579045,9202
1579095,9224
1579145,9241
1579195,9268
1579245,9261
1579295,9258
1579345,9272
1579395,9273
1579445,9286
1579495,9282
1579545,9303
1579595,9315
1579645,9334
1579695,9353
1579745,9358
1579795,9387
1579845,9394
1579895,9406
1579945,9430
1579995,9429
1580045,9455
1580095,9461
1580145,9472
1580195,9484
1580245,9487
1580295,9505
1580345,9505
1580395,9506
1580445,9520
1580495,9530
1580545,9519
1580595,9519
1580645,9515
1580695,9523
1580745,9527
1580795,9521
1580845,9531
1580895,9528
1580945,9549
1580995,9547
1581045,9557
1581095,9571
1581145,9562
1581195,9558
1581245,9559
1581295,9540
1581345,9545
1581395,9536
1581445,9548
1581495,9550
1581545,9554
1581595,9555
1581645,9556
1581695,9585
1581745,9585
1581795,9582
1581845,9564
1581895,9557
1581945,9550
1581995,9568
1582045,9571
1582095,9566
1582145,9571
1582195,9574
1582245,9592
1582295,9577
1582345,9597
1582395,9590
1582445,9569
1582495,9563
1582545,9545
1582595,9555
1582646,9526
1582695,9541
1582745,9546
1582795,9533
1582845,9550
1582895,9542
1582945,9546
1582995,9547
1583045,9528
1583095,9528
1583145,9523
1583195,9509
1583245,9497
1583296,9489
1583346,9475
1583396,9441
1583446,9417
1583495,9412
1583545,9482
1583595,9478
1583645,9498
1583695,9493
1583745,9498
1583795,9477
1583845,9459
1583895,9473
1583945,9465
1583995,9476
1584045,9463
1584095,9459
1584145,9474
1584195,9470
1584245,9488
1584295,9478
1584345,9488
1584395,9488
1584445,9471
1584495,9727
1584545,9479
1584595,9466
1584645,9473
1584695,9478
1584745,9466
1584795,9474
1584845,9468
1584895,9470
1584945,9486
1584995,9486
1585045,9500
1585095,9497
1585145,9480
1585195,9466
1585245,9465
1585295,9477
1585345,9467
1585395,9463
1585445,9464
1585495,9455
1585545,9470
1585595,9474
1585645,9484
1585695,9483
1585745,9498
1585795,9495
1585845,9474
1585895,9474
1585945,9459
1585995,9460
1586045,9454
1586095,9464
1586145,9445
1586195,9461
1586245,9461
1586295,9475
1586345,9487
1586395,9474
1586445,9497
1586495,9505
1586545,9508
1586595,9491
1586645,9471
1586695,9463
1586745,9455
1586795,9471
1586845,9476
1586895,9469
1586945,9468
1586995,9469
1587045,9479
1587095,9477
1587145,9481
1587195,9484
1587245,9477
1587295,9477
1587345,9488
1587395,9470
1587445,9447
1587495,9445
1587545,9431
1587595,9452
1587646,9440
1587695,9452
1587745,9450
1587795,9456
1587845,9461
1587895,9458
1587945,9468
1587995,9468
1588045,9474
1588095,9491
1588145,9467
1588195,9460
1588245,9445
1588295,9432
1588346,9381
1588396,9370
1588446,9374
1588495,9403
1588545,9410
1588595,9421
1588645,9418
1588695,9418
1588745,9422
1588795,9417
1588845,9419
1588895,9427
1588945,9419
1588995,9422
1589045,9385
1589095,9369
1589145,9362
1589195,9347
1589245,9352
1589295,9333
1589345,9341
1589395,9340
1589445,9327
1589495,9323
1589545,9308
1589595,9321
1589645,9322
1589695,9311
1589745,9327
1589795,9314
1589845,9301
1589895,9294
1589945,9284
1589995,9281
1590045,9271
1590095,9271
1590145,9267
1590195,9270
1590245,9276
1590295,9280
1590345,9272
1590395,9276
1590445,9275
1590495,9294
1590545,9298
1590595,9306
1590645,9320
1590695,9307
1590745,9304
1590795,9305
1590845,9292
1590895,9306
1590945,9305
1590995,9318
1591045,9320
1591095,9316
1591145,9331
1591195,9338
1591245,9362
1591295,9359
1591345,9370
1591395,9377
1591445,9377
1591495,9365
1591545,9365
1591595,9358
1591645,9358
1591695,9363
1591745,9365
1591795,9385
1591845,9391
1591895,9393
1591945,9399
1591995,9410
1592045,9421
1592095,9421
1592145,9436
1592195,9414
1592245,9416
1592295,9409
1592345,9407
1592395,9413
1592445,9396
1592495,9404
1592545,9416
1592595,9402
1592646,9398
1592695,9418
1592745,9431
1592795,9438
1592845,9438
1592895,9433
1592945,9435
1592995,9410
1593045,9412
1593095,9406
1593145,9408
1593195,9421
1593245,9406
1593295,9425
1593345,9425
1593396,9372
1593446,9388
1593496,9382
1593545,9458
1593595,9452
1593645,9453
1593695,9442
1593745,9406
1593795,9422
1593845,9413
1593895,9415
1593945,9414
1593995,9407
1594045,9422
1594095,9411
1594145,9449
1594195,9471
1594245,9471
1594295,9490
1594345,9542
1594395,9658
1594445,9708
1594495,9654
1594545,9602
1594595,9590
1594645,9589
1594695,9617
1594745,9631
1594795,9646
1594845,9691
1594895,9733
1594945,9791
1594995,9813
1595045,9838
1595095,9864
1595145,9892
1595195,9905
1595245,9909
1595295,9901
1595345,9914
1595395,9920
1595445,9938
1595495,9950
1595545,9960
1595595,9964
1595645,9964
1595695,9986
1595745,10015
1595795,10025
1595845,10052
1595895,10055
1595945,10070
1595995,10068
1596045,10294
1596095,10378
1596145,10410
1596195,10365
1596245,10342
1596295,10306
1596345,10285
1596395,10256
1596445,10256
1596495,10249
1596545,10245
1596595,10255
1596645,10239
1596695,10266
1596745,10267
1596795,10263
1596845,10243
1596895,10212
1596945,10207
1596995,10207
1597045,10191
1597095,10194
1597145,10177
1597195,10176
1597245,10191
1597295,10183
1597345,10191
1597395,10184
1597445,10177
1597495,10203
1597545,10203
1597595,10202
1597646,10180
1597695,10170
1597745,10160
1597795,10137
1597845,10117
1597895,10106
1597945,10091
1597995,10093
1598045,10074
1598095,10074
1598145,10086
1598195,10083
1598245,10089
1598295,10076
1598346,10048
1598396,10038
1598446,10038
1598496,10018
1598545,10008
1598595,10005
1598645,9989
1598695,9974
1598745,9978
1598795,9968
1598845,9940
1598895,9945
1598945,9951
1598995,9947
1599045,9941
1599095,9929
1599145,9939
1599195,9939
1599245,9947
1599295,9932
1599345,9906
1599395,9896
1599445,9878
1599495,9864
1599545,9832
1599595,9824
1599645,9818
1599695,9803
1599745,9807
1599795,9807
1599845,9785
1599895,9794
1599945,9792
1599995,9783
1600045,9780
1600095,9764
1600145,9783
1600195,9778
1600245,9764
1600295,9732
1600345,9696
1600395,9684
1600445,9667
1600495,9634
1600545,9633
1600595,9593
1600645,9608
1600695,9604
1600745,9597
1600795,9602
1600845,9577
1600895,9582
1600945,9566
1600995,9562
1601045,9572
1601095,9538
1601145,9511
1601195,9511
1601245,9480
1601295,9453
1601345,9455
1601395,9424
1601445,9421
1601495,9406
1601545,9404
1601595,9412
1601645,9401
1601695,9397
1601745,9389
1601795,9403
1601845,9401
1601895,9402
1601945,9395
1601995,9388
1602045,9404
1602095,9390
1602145,9380
1602195,9388
1602245,9364
1602295,9374
1602345,9376
1602395,9372
1602445,9386
1602495,9387
1602545,9387
1602595,9400
1602646,9388
1602695,9405
1602745,9412
1602795,9393
1602845,9395
1602895,9367
1602945,9376
1602995,9398
1603045,9402
1603095,9439
1603145,9438
1603195,9471
1603245,9485
1603295,9507
1603346,9534
1603396,9486
1603445,9510
1603496,9522
1603545,9575
1603595,9583
1603645,9582
1603695,9600
1603745,9604
1603795,9635
1603845,9664
1603895,9684
1603945,9684
1603995,9704
1604045,9717
1604095,9741
1604145,9760
1604195,9763
1604245,9765
1604295,9749
1604345,9766
1604395,9771
1604445,9791
1604495,9805
1604545,9807
1604595,9827
1604645,9842
1604695,9854
1604745,9870
1604795,9882
1604845,9908
1604895,9938
1604945,9971
1604995,9972
1605045,9964
1605095,9980
1605145,9970
1605195,9978
1605245,9974
1605295,9968
1605345,9968
1605395,9976
1605445,9975
1605495,9966
1605545,9929
1605595,9896
1605645,9886
1605695,9874
1605745,9879
1605795,9857
1605845,9849
1605895,9861
1605945,9857
1605995,9876
1606045,9870
1606095,9873
1606145,9873
1606195,9860
1606245,9861
1606295,9850
1606345,9862
1606395,9869
1606445,9870
1606495,9865
1606545,9859
1606595,9872
1606645,9876
1606695,9884
1606745,9884
1606795,9872
1606845,9866
1606895,9871
1606945,9856
1606995,9842
1607045,9860
1607095,9857
1607145,9882
1607195,9899
1607245,9902
1607295,9920
1607345,9908
1607395,9928
1607445,9949
1607495,9949
1607545,9968
1607595,9966
1607646,9938
1607695,9952
1607745,9950
1607795,9941
1607845,9925
1607895,9941
1607945,9934
1607995,9936
1608045,9934
1608095,9915
1608145,9915
1608195,9935
1608245,9931
1608295,9954
1608346,9949
1608396,9907
1608445,9900
1608496,9890
1608545,9885
1608595,9901
1608645,9879
1608695,9872
1608745,9868
1608795,9881
1608845,9867
1608895,9865
1608945,9858
1608995,9859
1609045,9875
1609095,9869
1609145,9870
1609195,9875
1609245,9875
1609295,9863
1609345,9826
1609395,9779
1609445,9737
1609495,9737
1609545,9742
1609595,9788
1609645,9833
1609695,9785
1609745,9752
1609795,9951
1609845,10119
1609895,10086
1609945,10053
1609995,10003
1610045,9977
1610095,9915
1610145,9862
1610195,9822
1610245,9790
1610295,9776
1610345,9756
1610395,9718
1610445,9703
1610495,9687
1610545,9690
1610595,9682
1610645,9686
1610695,9706
1610745,9712
1610795,9721
1610845,9727
1610895,9727
1610945,9682
1610995,9662
1611045,9629
1611095,9610
1611145,9584
1611195,9560
1611245,9559
1611295,9546
1611345,9549
1611395,9543
1611445,9523
1611495,9530
1611545,9531
1611595,9530
1611645,9537
1611695,9535
1611745,9531
1611795,9503
1611845,9485
1611895,9459
1611945,9453
1611995,9451
1612045,9454
1612095,9460
1612145,9456
1612195,9463
1612245,9472
1612295,9472
1612345,9487
1612395,9506
1612445,9510
1612495,9512
1612545,9527
1612595,9539
1612646,9536
1612695,9528
1612745,9536
1612795,9554
1612845,9562
1612895,9557
1612945,9533
1612995,9521
1613045,9508
1613095,9489
1613145,9448
1613195,9425
1613245,9476
1613295,9512
1613345,9500
1613396,9428
1613446,9414
1613496,9419
1613545,9485
1613595,9517
1613645,9559
1613695,9559
1613745,9623
1613795,9668
1613845,9696
1613895,9716
1613945,9733
1613995,9759
1614045,9774
1614095,9798
1614145,9807
1614195,9807
1614245,9800
1614295,9800
1614345,9799
1614395,9813
1614445,9837
1614495,9851
1614545,9861
1614595,9869
1614645,9871
1614695,9874
1614745,9880
1614795,9875
1614845,9868
1614895,9883
1614945,9877
1614995,9869
1615045,9869
1615095,9868
1615145,9855
1615195,9866
1615245,9869
1615295,9883
1615345,9882
1615395,9872
1615445,9882
1615495,9893
1615545,9905
1615595,9907
1615645,9906
1615695,9923
1615745,9913
1615795,9909
1615845,9894
1615895,9886
1615945,9892
1615995,9891
1616045,9913
1616095,9909
1616145,9917
1616195,9912
1616245,9910
1616295,9943
1616345,9920
1616395,9915
1616445,9915
1616495,9906
1616545,9880
1616595,9902
1616645,9897
1616695,9904
1616745,9890
1616795,9868
1616845,9850
1616895,9836
1616945,9864
1616995,9894
1617045,9948
1617095,10026
1617145,10064
1617195,10086
1617245,10079
1617295,10045
1617345,10029
1617395,9987
1617445,9963
1617495,9957
1617545,9950
1617595,9952
1617646,9920
1617695,9959
1617745,9948
1617795,9952
1617845,9952
1617895,9970
1617945,9964
1617995,9978
1618045,9953
1618095,9948
1618145,9925
1618195,9913
1618245,9912
1618295,9902
1618345,9901
1618396,9894
1618446,9867
1618496,9870
1618546,9871
1618595,9915
1618645,9925
1618695,9930
1618745,9940
1618795,9925
1618845,9920
1618895,9909
1618945,9895
1618995,9880
1619045,9882
1619095,9890
1619145,9887
1619195,9886
1619245,9886
1619295,9882
1619345,9878
1619395,9892
1619445,9900
1619495,9907
1619545,9903
1619595,9894
1619645,9898
1619695,9880
1619745,9873
1619795,9864
1619845,9863
1619895,9868
1619945,9859
1619995,9872
1620045,9867
1620095,9860
1620145,9869
1620195,9873
1620245,9882
1620295,9885
1620345,9877
1620395,9874
1620445,9851
1620495,9849
1620545,9816
1620595,9836
1620645,9836
1620695,9861
1620745,9875
1620795,9912
1620845,9942
1620895,9984
1620945,9991
1620995,9958
1621045,9953
1621095,9940
1621145,9929
1621195,9924
1621245,9890
1621295,9891
1621345,9873
1621395,9871
1621445,9870
1621495,9871
1621545,9877
1621595,9873
1621645,9877
1621695,9875
1621745,9884
1621795,9885
1621845,9886
1621895,9893
1621945,9886
1621995,9886
1622045,9882
1622095,9876
1622145,9872
1622195,9875
1622245,9863
1622295,9866
1622345,9869
1622395,9865
1622445,9872
1622495,9871
1622545,9881
1622595,9883
1622646,9865
1622695,9890
1622745,9891
1622795,9897
1622845,9883
1622895,9867
1622945,9878
1622995,9870
1623045,9880
1623095,9874
1623145,9875
1623195,9868
1623245,9867
1623295,9876
1623345,9880
1623396,9880
1623446,9846
1623496,9851
1623546,9857
1623595,9895
1623645,9881
1623695,9877
1623745,9865
1623795,9859
1623845,9865
1623895,9851
1623945,9859
1623995,9846
1624045,9848
1624095,9873
1624145,9869
1624195,9884
1624245,9876
1624295,9887
1624345,9890
1624395,9882
1624445,9878
1624495,9863
1624545,9860
1624595,9876
1624645,9869
1624695,9877
1624745,9862
1624795,9862
1624845,9856
1624895,9878
1624945,9876
1624995,9885
1625045,9875
1625095,9872
1625145,9896
1625195,9884
1625245,9884
1625295,9866
1625345,9859
1625395,9865
1625445,9856
1625495,9868
1625545,9853
1625595,9857
1625645,9868
1625695,9871
1625745,9886
1625795,9873
1625845,9882
1625895,9890
1625945,9899
1625995,9895
1626045,9871
1626095,9869
1626145,9869
1626195,9875
1626245,9871
1626295,9880
1626345,9860
1626395,9849
1626445,9854
1626495,9836
1626545,9846
1626595,9759
1626645,9954
1626695,10073
1626745,10040
1626795,9954
1626845,9924
1626895,9880
1626945,9848
1626995,9816
1627045,9786
1627095,9762
1627145,9796
1627195,9606
1627245,9474
1627295,9540
1627345,9483
1627395,9359
1627445,9329
1627495,9275
1627545,9275
1627595,9190
1627646,9237
1627695,9331
1627745,9394
1627795,9485
1627845,9508
1627895,9454
1627945,9326
1627995,9308
1628045,9270
1628095,9227
1628145,9324
1628195,9375
1628245,9293
1628295,9287
1628345,9294
1628395,9256
1628446,9310
1628496,9256
1628546,9245
1628595,9183
1628645,9239
1628695,9295
1628745,9381
1628795,9461
1628845,9494
1628895,9534
1628945,9534
1628995,9537
1629045,9561
1629095,9636
1629145,9652
1629195,9710
1629245,9704
1629295,9690
1629345,9710
1629395,9679
1629445,9689
1629495,9672
1629545,9643
1629595,9690
1629645,9729
1629695,9795
1629745,9835
1629795,9878
1629845,9916
1629895,9939
1629945,9999
1629995,10020
1630045,10051
1630095,10084
1630145,10090
1630195,10165
1630245,10180
1630295,10207
1630345,10207
1630395,10235
1630445,10252
1630495,10304
1630545,10337
1630595,10401
1630645,10432
1630695,10412
1630745,10413
1630795,10374
1630845,10391
1630895,10381
1630945,10315
1630995,10268
1631045,10246
1631095,10220
1631145,10158
1631195,10084
1631245,10052
1631295,10016
1631345,9996
1631395,9962
1631445,9941
1631495,9902
1631545,9873
1631595,9854
1631645,9828
1631695,9818
1631745,9818
1631795,9792
1631845,9749
1631895,9740
1631945,9715
1631995,9709
1632045,9713
1632095,9684
1632145,9682
1632195,9660
1632245,9652
1632295,9622
1632345,9582
1632395,9559
1632445,9524
1632495,9529
1632545,9506
1632595,9465
1632646,9410
1632695,9442
1632745,9496
1632795,9453
1632845,9341
1632895,9357
1632945,9314
1632995,9254
1633045,9216
1633095,8960
1633145,9153
1633195,9141
1633245,9105
1633295,9075
1633345,9027
1633396,8973
1633446,8891
1633495,8862
1633546,8833
1633595,8818
1633645,8882
1633695,8918
1633745,8928
1633795,8929
1633845,8901
1633895,8865
1633945,8884
1633995,8881
1634045,8840
1634095,8817
1634145,8853
1634195,8814
1634245,8817
1634295,8981
1634345,9026
1634395,8913
1634445,8822
1634495,8822
1634545,8886
1634595,8887
1634645,8861
1634695,8932
1634745,8788
1634795,8783
1634845,8815
1634895,8885
1634945,8992
1634995,9103
1635045,9162
1635095,9209
1635145,9231
1635195,9250
1635245,9268
1635295,9263
1635345,9280
1635395,9274
1635445,9286
1635495,9269
1635545,9249
1635595,9253
1635645,9271
1635695,9296
1635745,9324
1635795,9372
1635845,9417
1635895,9417
1635945,9431
1635995,9471
1636045,9472
1636095,9491
1636145,9534
1636195,9546
1636245,9551
1636295,9547
1636345,9559
1636395,9570
1636445,9592
1636495,9620
1636545,9605
1636595,9567
1636645,9525
1636695,9477
1636745,9426
1636795,9388
1636845,9400
1636895,9405
1636945,9365
1636995,9339
1637045,9296
1637095,9264
1637145,9249
1637195,9233
1637245,9237
1637295,9237
1637345,9191
1637395,9180
1637445,9157
1637495,9133
1637545,9138
1637595,9125
1637646,9161
1637695,9183
1637745,9183
1637795,9161
1637845,9140
1637895,9125
1637945,9122
1637995,9121
1638045,9124
1638095,9115
1638145,9098
1638195,9105
1638245,9108
1638295,9107
1638345,9090
1638396,9098
1638446,9054
1638496,9053
1638546,9022
1638595,9042
1638645,9046
1638695,9046
1638745,9017
1638795,9006
1638845,8972
1638895,8950
1638945,8941
1638995,8934
1639045,8949
1639095,8945
1639145,9009
1639195,9056
1639245,9075
1639295,9091
1639345,9088
1639395,9076
1639445,9089
1639495,9106
1639545,9133
1639595,9123
1639645,9111
1639695,9111
1639745,9107
1639795,9107
1639845,9097
1639895,9099
1639945,9104
1639995,9095
1640045,9095
1640095,9099
1640145,9084
1640195,9086
1640245,9080
1640295,9083
1640345,9090
1640395,9091
1640445,9091
1640495,9102
1640545,9111
1640595,9121
1640645,9125
1640695,9130
1640745,9118
1640795,9128
1640845,9126
1640895,9126
1640945,9131
1640995,9132
1641045,9142
1641095,9159
1641145,9167
1641195,9170
1641245,9165
1641295,9180
1641345,9189
1641395,9187
1641445,9187
1641495,9195
1641545,9192
1641595,9190
1641645,9203
1641695,9197
1641745,9212
1641795,9214
1641845,9224
1641895,9226
1641945,9228
1641995,9248
1642045,9252
1642095,9274
1642145,9277
1642195,9274
1642245,9274
1642295,9266
1642345,9270
1642395,9271
1642445,9272
1642495,9283
1642545,9282
1642595,9289
1642646,9270
1642695,9286
1642745,9305
1642795,9311
1642845,9311
1642895,9317
1642945,9304
1642995,9301
1643045,9312
1643095,9302
1643145,9312
1643195,9311
1643245,9310
1643295,9326
1643345,9334
1643395,9354
1643446,9321
1643496,9325
1643546,9325
1643595,9326
1643645,9347
1643695,9345
1643745,9340
1643795,9359
1643845,9355
1643895,9377
1643945,9384
1643995,9387
1644045,9404
1644095,9403
1644145,9424
1644195,9403
1644245,9403
1644295,9395
1644345,9384
1644395,9378
1644445,9395
1644495,9384
1644545,9397
1644595,9404
1644645,9405
1644695,9416
1644745,9404
1644795,9415
1644845,9423
1644895,9421
1644945,9418
1644995,9383
1645045,9385
1645095,9371
1645145,9355
1645195,9327
1645245,9306
1645295,9314
1645345,9320
1645395,9333
1645445,9354
1645495,9373
1645545,9403
1645595,9408
1645645,9408
1645695,9396
1645745,9372
1645795,9354
1645845,9359
1645895,9344
1645945,9347
1645995,9338
1646045,9327
1646095,9344
1646145,9327
1646195,9342
1646245,9338
1646295,9326
1646345,9348
1646395,9342
1646445,9334
1646495,9313
1646545,9284
1646595,9275
1646645,9261
1646695,9256
1646745,9248
1646795,9216
1646845,9207
1646895,9203
1646945,9203
1646995,9208
1647045,9208
1647095,9198
1647145,9209
1647195,9211
1647245,9225
1647295,9215
1647345,9200
1647395,9206
1647445,9191
1647495,9198
1647545,9201
1647595,9202
1647646,9214
1647695,9217
1647745,9242
1647795,9247
1647845,9260
1647895,9275
1647945,9278
1647995,9301
1648045,9291
1648095,9280
1648145,9294
1648195,9290
1648245,9308
1648295,9307
1648345,9320
1648395,9320
1648445,9340
1648496,9302
1648546,9325
1648595,9327
1648645,9392
1648695,9398
1648745,9391
1648795,9408
1648845,9400
1648895,9421
1648945,9422
1648995,9428
1649045,9444
1649095,9451
1649145,9464
1649195,9470
1649245,9478
1649295,9490
1649345,9497
1649395,9524
1649445,9519
1649495,9515
1649545,9511
1649595,9513
1649645,9536
1649695,9536
1649745,9540
1649795,9540
1649845,9556
1649895,9552
1649945,9585
1649995,9585
1650045,9605
1650095,9593
1650145,9582
1650195,9590
1650245,9565
1650295,9573
1650345,9585
1650395,9572
1650445,9600
1650495,9602
1650545,9624
1650595,9628
1650645,9639
1650695,9661
1650745,9634
1650795,9633
1650845,9610
1650895,9602
1650945,9628
1650995,9619
1651045,9632
1651095,9633
1651145,9630
1651195,9630
1651245,9652
1651295,9638
1651345,9658
1651395,9641
1651445,9619
1651495,9613
1651545,9591
1651595,9603
1651645,9595
1651695,9587
1651745,9590
1651795,9579
1651845,9597
1651895,9582
1651945,9592
1651995,9607
1652045,9596
1652095,9587
1652145,9561
1652195,9545
1652245,9548
1652295,9548
1652345,9560
1652395,9547
1652445,9551
1652495,9554
1652545,9547
1652595,9547
1652646,9563
1652695,9564
1652745,9569
1652795,9550
1652845,9534
1652895,9540
1652945,9532
1652995,9552
1653045,9569
1653095,9595
1653145,9635
1653195,9687
1653245,9722
1653295,9726
1653345,9705
1653395,9681
1653446,9548
1653496,9432
1653545,9392
1653596,9401
1653645,9451
1653695,9465
1653745,9485
1653795,9472
1653845,9452
1653895,9428
1653945,9428
1653995,9405
1654045,9409
1654095,9397
1654145,9387
1654195,9372
1654245,9356
1654295,9366
1654345,9370
1654395,9383
1654445,9391
1654495,9389
1654545,9416
1654595,9409
1654645,9437
1654695,9450
1654745,9457
1654795,9478
1654845,9471
1654895,9457
1654945,9456
1654995,9456
1655045,9472
1655095,9459
1655145,9480
1655195,9499
1655245,9507
1655295,9510
1655345,9510
1655395,9514
1655445,9550
1655495,9539
1655545,9533
1655595,9516
1655645,9520
1655695,9529
1655745,9536
1655795,9533
1655845,9538
1655895,9547
1655945,9562
1655995,9567
1656045,9575
1656095,9578
1656145,9558
1656195,9543
1656245,9527
1656295,9516
1656345,9481
1656395,9473
1656445,9489
1656495,9482
1656545,9477
1656595,9426
1656645,9410
1656695,9382
1656745,9382
1656795,9364
1656845,9355
1656895,9311
1656945,9293
1656995,9342
1657045,9348
1657095,9383
1657145,9384
1657195,9402
1657245,9435
1657295,9433
1657345,9440
1657395,9449
1657445,9434
1657495,9425
1657545,9387
1657595,9355
1657646,9294
1657695,9310
1657745,9281
1657795,9269
1657845,9265
1657895,9278
1657945,9297
1657995,9302
1658045,9307
1658095,9304
1658145,9304
1658195,9279
1658245,9257
1658295,9209
1658345,9159
1658395,9123
1658446,9097
1658495,9020
1658546,8963
1658595,8902
1658645,8920
1658695,8873
1658745,8855
1658795,8883
1658845,8885
1658895,8927
1658945,8940
1658995,8995
1659045,9028
1659095,9053
1659145,9068
1659195,9070
1659245,9098
1659295,9116
1659345,9114
1659395,9110
1659445,9119
1659495,9123
1659545,9123
1659595,9137
1659645,9164
1659695,9173
1659745,9171
1659795,9174
1659845,9166
1659895,9146
1659945,9118
1659995,9106
1660045,9101
1660095,9082
1660145,9080
1660195,9088
1660245,9129
1660295,9165
1660345,9179
1660395,9198
1660445,9200
1660495,9203
1660545,9218
1660595,9212
1660645,9207
1660695,9208
1660745,9216
1660795,9205
1660845,9214
1660895,9470
1660945,9221
1660995,9222
1661045,9220
1661095,9222
1661145,9227
1661195,9235
1661245,9216
1661295,9212
1661345,9208
1661395,9195
1661445,9203
1661495,9195
1661545,9193
1661595,9195
1661645,9198
1661695,9200
1661745,9190
1661795,9182
1661845,9170
1661895,9164
1661945,9159
1661995,9148
1662045,9151
1662095,9155
1662145,9159
1662195,9169
1662245,9144
1662295,9144
1662345,9146
1662395,9140
1662445,9130
1662495,9118
1662545,9094
1662595,9087
1662646,9087
1662695,9089
1662745,9083
1662795,9068
1662845,9076
1662895,9077
1662945,9106
1662995,9117
1663045,9130
1663095,9117
1663145,9081
1663195,9066
1663245,9045
1663295,9037
1663345,9013
1663395,8988
1663446,8968
1663496,8949
1663546,8963
1663596,8979
1663645,9025
1663695,9025
1663745,9045
1663795,9058
1663845,9079
1663895,9087
1663945,9087
1663995,9094
1664045,9083
1664095,9082
1664145,9072
1664195,9069
1664245,9080
1664295,9082
1664345,9086
1664395,9081
1664445,9082
1664495,9092
1664545,9101
1664595,9113
1664645,9117
1664695,9134
1664745,9155
1664795,9167
1664845,9168
1664895,9172
1664945,9173
1664995,9195
1665045,9203
1665095,9203
1665145,9223
1665195,9235
1665245,9262
1665295,9274
1665345,9295
1665395,9317
1665445,9326
1665495,9364
1665545,9384
1665595,9415
1665645,9431
1665695,9433
1665745,9453
1665795,9466
1665845,9479
1665895,9493
1665945,9506
1665995,9523
1666045,9528
1666095,9542
1666145,9558
1666195,9556
1666245,9569
1666295,9578
1666345,9587
1666395,9580
1666445,9574
1666495,9574
1666545,9576
1666595,9564
1666645,9568
1666695,9561
1666745,9567
1666795,9567
1666845,9563
1666895,9567
1666945,9565
1666995,9571
1667045,9577
1667095,9560
1667145,9571
1667195,9552
1667245,9538
1667295,9532
1667345,9525
1667395,9522
1667445,9505
1667495,9518
1667545,9505
1667595,9490
1667646,9472
1667695,9487
1667745,9487
1667795,9491
1667845,9482
1667895,9482
1667945,9475
1667995,9443
1668045,9412
1668095,9399
1668145,9531
1668195,9719
1668245,9816
1668295,9801
1668345,9788
1668395,9785
1668446,9783
1668496,9746
1668546,9783
1668596,9807
1668645,9850
1668695,9858
1668745,9859
1668795,9870
1668845,9873
1668895,9868
1668945,10031
1668995,10276
1669045,10441
1669095,10475
1669145,10478
1669195,10471
1669245,10478
1669295,10478
1669345,10489
1669395,10477
1669445,10450
1669495,10424
1669545,10415
1669595,10412
1669645,10401
1669695,10390
1669745,10391
1669795,10387
1669845,10390
1669895,10385
1669945,10387
1669995,10381
1670045,10377
1670095,10345
1670145,10266
1670195,10212
1670245,10174
1670295,10146
1670345,10126
1670395,10080
1670445,10070
1670495,10065
1670545,10059
1670595,10054
1670645,10054
1670695,10029
1670745,10021
1670795,9993
1670845,9959
1670895,9943
1670945,9916
1670995,9905
1671045,9893
1671095,9891
1671145,9883
1671195,9876
1671245,9875
1671295,9870
1671345,9869
1671395,9858
1671445,9846
1671495,9812
1671545,9798
1671595,9772
1671645,9751
1671695,9744
1671745,9724
1671795,9724
1671845,9717
1671895,9702
1671945,9697
1671995,9690
1672045,9690
1672095,9698
1672145,9700
1672195,9687
1672245,9654
1672295,9625
1672345,9630
1672395,9616
1672445,9620
1672495,9612
1672545,9605
1672595,9633
1672646,9612
1672695,9652
1672745,9670
1672795,9674
1672845,9668
1672895,9661
1672945,9643
1672995,9651
1673045,9640
1673095,9653
1673145,9658
1673195,9668
1673245,9685
1673295,9669
1673345,9636
1673395,9588
1673445,9588
1673496,9532
1673546,9466
1673596,9419
1673645,9364
1673695,9365
1673745,9347
1673795,9313
1673845,9281
1673895,9279
1673945,9257
1673995,9255
1674045,9252
1674095,9247
1674145,9253
1674195,9227
1674245,9213
1674295,9181
1674345,9165
1674395,9139
1674445,9105
1674495,9090
1674545,9082
1674595,9078
1674645,9066
1674695,9064
1674745,9059
1674795,9075
1674845,9075
1674895,9098
1674945,9130
1674995,9151
1675045,9158
1675095,9152
1675145,9165
1675195,9175
1675245,9186
1675295,9190
1675345,9195
1675395,9218
1675445,9274
1675495,9284
1675545,9300
1675595,9316
1675645,9336
1675695,9343
1675745,9343
1675795,9346
1675845,9357
1675895,9379
1675945,9412
1675995,9431
1676045,9456
1676095,9472
1676145,9523
1676195,9582
1676245,9582
1676295,9662
1676345,9718
1676395,9754
1676445,9783
1676495,9798
1676545,9831
1676595,9865
1676645,9868
1676695,9845
1676745,9837
1676795,9833
1676845,9831
1676895,9828
1676945,9834
1676995,9831
1677045,9842
1677095,9831
1677145,9825
1677195,9803
1677245,9792
1677295,9816
1677345,9797
1677395,9978
1677445,10167
1677495,10153
1677545,10126
1677595,10077
1677646,10077
1677695,10033
1677745,10026
1677795,9979
1677845,9898
1677895,9834
1677945,9824
1677995,9869
1678045,9862
1678095,9828
1678145,9798
1678195,9785
1678245,9786
1678295,9811
1678345,9829
1678395,9845
1678445,9818
1678496,9744
1678546,9734
1678596,9776
1678645,9812
1678695,9800
1678745,9816
1678795,9821
1678845,9825
1678895,9826
1678945,9855
1678995,9855
1679045,9877
1679095,9890
1679145,9908
1679195,9908
1679245,9892
1679295,9900
1679345,9962
1679395,10197
1679445,10359
1679495,10421
1679545,10462
1679595,10502
1679645,10475
1679695,10453
1679745,10437
1679795,10406
1679845,10368
1679895,10311
1679945,10235
1679995,10180
1680045,10146
1680095,10128
1680145,10097
1680195,10093
1680245,10088
1680295,10071
1680345,10080
1680395,10080
1680445,10071
1680495,10080
1680545,10096
1680595,10095
1680645,10061
1680695,10040
1680745,10036
1680795,10022
1680845,10022
1680895,10011
1680945,10003
1680995,10009
1681045,10012
1681095,9995
1681145,10011
1681195,10002
1681245,10026
1681295,10003
1681345,9971
1681395,9935
1681445,9928
1681495,9926
1681545,9908
1681595,9899
1681645,9881
1681695,9874
1681745,9889
1681795,9889
1681845,9879
1681895,9873
1681945,9873
1681995,9863
1682045,9836
1682095,9814
1682145,9791
1682195,9771
1682245,9765
1682295,9758
1682345,9745
1682395,9748
1682445,9740
1682495,9748
1682545,9752
1682595,9752
1682646,9680
1682695,9687
1682745,9668
1682795,9651
1682845,9627
1682895,9614
1682945,9615
1682995,9626
1683045,9616
1683095,9612
1683145,9582
1683195,9582
1683245,9540
1683295,9523
1683345,9490
1683395,9436
1683445,9396
1683496,9367
1683546,9326
1683596,9307
1683645,9289
1683695,9284
1683745,9268
1683795,9251
1683845,9234
1683895,9231
1683945,9240
1683995,9235
1684045,9215
1684095,9213
1684145,9201
1684195,9186
1684245,9181
1684295,9157
1684345,9150
1684395,9128
1684445,9116
1684495,9114
1684545,9132
1684595,9132
1684645,9148
1684695,9139
1684745,9108
1684795,9087
1684845,9077
1684895,9065
1684945,9056
1684995,9044
1685045,9041
1685095,9022
1685145,9029
1685195,9028
1685245,9030
1685295,9036
1685345,8989
1685395,8964
1685445,8953
1685495,8948
1685545,8968
1685595,8974
1685645,8981
1685695,8995
1685745,9005
1685795,9033
1685845,9053
1685895,9063
1685945,9039
1685995,9039
1686045,8997
1686095,9032
1686145,9065
1686195,9104
1686245,9130
1686295,9165
1686345,9187
1686395,9217
1686445,9237
1686495,9269
1686545,9295
1686595,9292
1686645,9285
1686695,9301
1686745,9305
1686795,9324
1686845,9340
1686895,9344
1686945,9355
1686995,9365
1687045,9374
1687095,9394
1687145,9392
1687195,9382
1687245,9351
1687295,9345
1687345,9345
1687395,9340
1687445,9336
1687495,9340
1687545,9314
1687595,9309
1687646,9290
1687695,9273
1687745,9265
1687795,9252
1687845,9228
1687895,9207
1687945,9186
1687995,9174
1688045,9168
1688095,9158
1688145,9142
1688195,9142
1688245,9137
1688295,9127
1688345,9134
1688395,9129
1688445,9132
1688496,9080
1688546,9048
1688596,9056
1688645,9069
1688695,9083
1688745,9083
1688795,9069
1688845,9074
1688895,9077
1688945,9071
1688995,9076
1689045,9072
1689095,9065
1689145,9074
1689195,9069
1689245,9065
1689295,9041
1689345,9036
1689395,9044
1689445,9027
1689495,9019
1689545,8993
1689595,8994
1689645,8996
1689695,9004
1689745,9018
1689795,9031
1689845,9033
1689895,9040
1689945,9046
1689995,9074
1690045,9087
1690095,9103
1690145,9103
1690195,9105
1690245,9118
1690295,9144
1690345,9144
1690395,9135
1690445,9121
1690495,9138
1690545,9172
1690595,9184
1690645,9183
1690695,9171
1690745,9187
1690795,9187
1690845,9199
1690895,9191
1690945,9200
1690995,9236
1691045,9267
1691095,9291
1691145,9320
1691195,9327
1691245,9340
1691295,9355
1691345,9370
1691395,9394
1691445,9404
1691495,9427
1691545,9427
1691595,9439
1691645,9449
1691695,9445
1691745,9458
1691795,9511
1691845,9560
1691895,9588
1691945,9623
1691995,9621
1692045,9612
1692095,9617
1692145,9600
1692195,9602
1692245,9594
1692295,9606
1692345,9611
1692395,9611
1692445,9589
1692495,9545
1692545,9486
1692595,9454
1692646,9414
1692695,9396
1692745,9391
1692795,9396
1692845,9333
1692895,9245
1692945,9245
1692995,9188
1693045,9201
1693095,9185
1693145,9187
1693195,9221
1693245,9211
1693295,9232
1693345,9229
1693395,9246
1693445,9251
1693495,9263
1693546,9242
1693596,9259
1693646,9166
1693695,9386
1693745,9948
1693795,9976
1693845,10078
1693895,9960
1693945,9878
1693995,9905
1694045,9929
1694095,9921
1694145,9864
1694195,9838
1694245,9844
1694295,9818
1694345,9818
1694395,9763
1694445,9631
1694495,9585
1694545,9534
1694595,9719
1694645,9815
1694695,9824
1694745,9866
1694795,9937
1694845,9982
1694895,10010
1694945,10061
1694995,10077
1695045,10069
1695095,10045
1695145,10022
1695195,10026
1695245,10026
1695295,10035
1695345,9985
1695395,9917
1695445,9871
1695495,9848
1695545,9805
1695595,9772
1695645,9723
1695695,9707
1695745,9707
1695795,9709
1695845,9687
1695895,9668
1695945,9640
1695995,9619
1696045,9603
1696095,9581
1696145,9548
1696195,9520
1696245,9499
1696295,9467
1696345,9447
1696395,9435
1696445,9410
1696495,9404
1696545,9395
1696595,9386
1696645,9383
1696695,9369
1696745,9361
1696795,9351
1696845,9345
1696895,9295
1696945,9218
1696995,9197
1697045,9176
1697095,9078
1697145,9078
1697195,9064
1697245,9060
1697295,8967
1697345,8947
1697395,8957
1697445,8827
1697495,8787
1697545,8796
1697595,8794
1697646,8806
1697695,8694
1697745,8643
1697795,8671
1697845,8558
1697895,8670
1697945,8723
1697995,8633
1698045,8751
1698095,8702
1698145,8794
1698195,8801
1698245,8697
1698295,8742
1698345,8839
1698395,8950
1698445,9103
1698496,9152
1698546,9152
1698596,9150
1698646,9175
1698695,9217
1698745,9216
1698795,9216
1698845,9223
1698895,9204
1698945,9213
1698995,9225
1699045,9229
1699095,9219
1699145,9199
1699195,9198
1699245,9203
1699295,9178
1699345,9170
1699395,9157
1699445,9159
1699495,9132
1699545,9094
1699595,9048
1699645,8778
1699695,8444
1699745,8052
1699795,7843
1699845,7615
1699895,7615
1699945,7586
1699995,7622
1700045,7504
1700095,7753
1700145,7985
1700195,8058
1700245,8123
1700295,8124
1700345,8136
1700395,8146
1700445,8156
1700495,8164
1700545,8140
1700595,8168
1700645,8181
1700695,8174
1700745,8170
1700795,8249
1700845,8283
1700895,8316
1700945,8327
1700995,8313
1701045,8339
1701095,8313
1701145,8287
1701195,8252
1701245,8195
1701295,7939
1701345,8181
1701395,8218
1701445,8212
1701495,8199
1701545,8218
1701595,8258
1701645,8271
1701695,8260
1701745,8273
1701795,8278
1701845,8275
1701895,8272
1701945,8279
1701995,8287
1702045,8295
1702095,8288
1702145,8309
1702195,8316
1702245,8320
1702295,8320
1702345,8296
1702395,8288
1702445,8270
1702495,8282
1702545,8273
1702595,8262
1702646,8238
1702695,8238
1702745,8212
1702795,8209
1702845,8200
1702895,8212
1702945,8245
1702995,8249
1703045,8291
1703095,8303
1703145,8291
1703195,8284
1703245,8265
1703295,8273
1703345,8281
1703395,8289
1703445,8269
1703496,8240
1703546,8185
1703596,8191
1703646,8193
1703695,8254
1703745,8247
1703795,8265
1703845,8247
1703895,8241
1703945,8221
1703995,8201
1704045,8193
1704095,8193
1704145,8165
1704195,8150
1704245,8132
1704295,8117
1704345,8118
1704395,8125
1704445,8168
1704495,8155
1704545,8157
1704595,8147
1704645,8138
1704695,8126
1704745,8149
1704795,8157
1704845,8150
1704895,8133
1704945,8145
1704995,8138
1705045,8154
1705095,8160
1705145,8174
1705195,8195
1705245,8212
1705295,8235
1705345,8253
1705395,8256
1705445,8290
1705495,8290
1705545,8312
1705595,8350
1705645,8352
1705695,8339
1705745,8340
1705795,8332
1705845,8350
1705895,8350
1705945,8342
1705995,8347
1706045,8344
1706095,8363
1706145,8361
1706195,8358
1706245,8354
1706295,8344
1706345,8366
1706395,8348
1706445,8331
1706495,8303
1706545,8279
1706595,8286
1706645,8267
1706695,8263
1706745,8259
1706795,8260
1706845,8267
1706895,8267
1706945,8269
1706995,8289
1707045,8285
1707095,8288
1707145,8307
1707195,8276
1707245,8267
1707295,8244
1707345,8234
1707395,8247
1707445,8224
1707495,8220
1707545,8216
1707595,8207
1707646,8205
1707695,8209
1707745,8215
1707795,8212
1707845,8208
1707895,8209
1707945,8179
1707995,8163
1708045,8151
1708095,8141
1708145,8148
1708195,8133
1708245,8137
1708295,8137
1708345,8137
1708395,8152
1708445,8160
1708496,8164
1708546,8160
1708596,8152
1708645,8161
1708695,8160
1708745,8189
1708795,8180
1708845,8184
1708895,8182
1708945,8186
1708995,8178
1709045,8183
1709095,8179
1709145,8193
1709195,8193
1709245,8189
1709295,8198
1709345,8213
1709395,8230
1709445,8215
1709495,8194
1709545,8193
1709595,8201
1709645,8203
1709695,8203
1709745,8197
1709795,8181
1709845,8188
1709895,8178
1709945,8187
1709995,8197
1710045,8188
1710095,8201
1710145,8199
1710195,8214
1710245,8192
1710295,8188
1710345,8198
1710395,8209
1710445,8232
1710495,8231
1710545,8235
1710595,8252
1710645,8278
1710695,8303
1710745,8299
1710795,8329
1710845,8354
1710895,8357
1710945,8361
1710995,8341
1711045,8315
1711095,8315
1711145,8300
1711195,8281
1711245,8272
1711295,8251
1711345,8248
1711395,8257
1711445,8263
1711495,8265
1711545,8268
1711595,8284
1711645,8284
1711695,8297
1711745,8298
1711795,8277
1711845,8278
1711895,8228
1711945,8188
1711995,8157
1712045,8149
1712095,8159
1712145,8149
1712195,8157
1712245,8157
1712295,8153
1712345,8173
1712395,8172
1712445,8177
1712495,8177
1712545,8188
1712595,8211
1712646,8215
1712695,8220
1712745,8232
1712795,8235
1712845,8242
1712895,8280
1712945,8295
1712995,8312
1713045,8319
1713095,8330
1713145,8359
1713195,8365
1713245,8387
1713295,8392
1713345,8397
1713395,8419
1713445,8424
1713497,8450
1713546,8406
1713596,8413
1713646,8443
1713695,8489
1713745,8507
1713795,8510
1713845,8517
1713895,8517
1713945,8531
1713995,8546
1714045,8567
1714095,8570
1714145,8567
1714195,8567
1714245,8571
1714295,8580
1714345,8587
1714395,8582
1714445,8588
1714495,8592
1714545,8609
1714595,8616
1714645,8627
1714695,8633
1714745,8648
1714795,8669
1714845,8657
1714895,8657
1714945,8658
1714995,8642
1715045,8644
1715095,8636
1715145,8658
1715195,8664
1715245,8650
1715295,8650
1715345,8661
1715395,8664
1715445,8676
1715495,8681
1715545,8679
1715595,8691
1715645,8686
1715695,8708
1715745,8682
1715795,8665
1715845,8659
1715895,8645
1715945,8657
1715995,8646
1716045,8648
1716095,8640
1716145,8635
1716195,8649
1716245,8640
1716295,8648
1716345,8654
1716395,8646
1716445,8664
1716495,8636
1716545,8626
1716595,8602
1716645,8576
1716695,8576
1716745,8580
1716795,8565
1716845,8556
1716895,8548
1716945,8529
1716995,8543
1717045,8532
1717095,8541
1717145,8530
1717195,8520
1717245,8531
1717295,8533
1717345,8521
1717395,8498
1717445,8479
1717495,8471
1717545,8465
1717595,8466
1717646,8411
1717695,8439
1717745,8447
1717795,8438
1717845,8452
1717895,8436
1717945,8439
1717995,8440
1718045,8444
1718095,8444
1718145,8453
1718195,8439
1718245,8424
1718295,8415
1718345,8395
1718395,8401
1718445,8396
1718495,8387
1718546,8372
1718596,8323
1718646,8331
1718695,8330
1718745,8411
1718795,8415
1718845,8412
1718895,8428
1718945,8426
1718995,8440
1719045,8424
1719095,8415
1719145,8416
1719195,8413
1719245,8423
1719295,8408
1719345,8411
1719395,8359
1719445,8311
1719495,8311
1719545,8194
1719595,8079
1719645,8048
1719695,8059
1719745,8036
1719795,8006
1719845,7988
1719895,7985
1719945,7966
1719995,7947
1720045,7874
1720095,7843
1720145,7899
1720195,7969
1720245,7988
1720295,8009
1720345,8013
1720395,8035
1720445,8057
1720495,8069
1720545,8077
1720595,8085
1720645,8079
1720695,8090
1720745,8099
1720795,8104
1720845,8107
1720895,8107
1720945,8117
1720995,8133
1721045,8138
1721095,8154
1721145,8166
1721195,8185
1721245,8199
1721295,8188
1721345,8187
1721395,8184
1721445,8199
1721495,8218
1721545,8211
1721595,8234
1721645,8227
1721695,8261
1721745,8277
1721795,8294
1721845,8319
1721895,8315
1721945,8357
1721995,8347
1722045,8354
1722095,8350
1722145,8355
1722195,8380
1722245,8377
1722295,8377
1722345,8391
1722395,8391
1722445,8394
1722495,8407
1722545,8423
1722595,8438
1722646,8435
1722695,8438
1722745,8461
1722795,8444
1722845,8448
1722895,8439
1722945,8431
1722995,8445
1723045,8450
1723095,8458
1723145,8452
1723195,8462
1723245,8479
1723295,8496
1723345,8509
1723395,8500
1723445,8497
1723495,8494
1723546,8449
1723596,8438
1723645,8439
1723696,8439
1723745,8437
1723795,8453
1723845,8462
1723895,8453
1723945,8434
1723995,8425
1724045,8421
1724095,8418
1724145,8430
1724195,8436
1724245,8437
1724295,8448
1724345,8443
1724395,8460
1724445,8474
1724495,8487
1724545,8503
1724595,8517
1724645,8544
1724695,8562
1724745,8581
1724795,8589
1724845,8608
1724895,8634
1724945,8645
1724995,8648
1725045,8631
1725095,8631
1725145,8640
1725195,8651
1725245,8650
1725295,8668
1725345,8675
1725395,8690
1725445,8705
1725495,8716
1725545,8733
1725595,8742
1725645,8757
1725695,8779
1725745,8789
1725795,8785
1725845,8757
1725895,8755
1725945,8758
1725995,8752
1726045,8754
1726095,8745
1726145,8757
1726195,8768
1726245,8764
1726295,8771
1726345,8770
1726395,8769
1726445,8769
1726495,8763
1726545,8763
1726595,8748
1726645,8720
1726695,8708
1726745,8700
1726795,8692
1726845,8710
1726895,8706
1726945,8711
1726995,8703
1727045,8711
1727095,8718
1727145,8723
1727195,8728
1727245,8742
1727295,8773
1727345,8768
1727395,8754
1727445,8749
1727495,8726
1727545,8708
1727595,8680
1727646,8636
1727695,8661
1727745,8659
1727795,8667
1727845,8667
1727895,8666
1727945,8652
1727995,8666
1728045,8661
1728095,8670
1728145,8655
1728195,8645
1728245,8631
1728295,8614
1728345,8619
1728395,8610
1728445,8605
1728495,8613
1728546,8602
1728596,8601
1728646,8605
1728696,8604
1728745,8631
1728795,8649
1728845,8648
1728895,8651
1728945,8641
1728995,8619
1729045,8582
1729095,8563
1729145,8558
1729195,8578
1729245,8578
1729295,8591
1729345,8602
1729395,8615
1729445,8620
1729495,8639
1729545,8648
1729595,8640
1729645,8661
1729695,8666
1729745,8670
1729795,8671
1729845,8643
1729895,8644
1729945,8637
1729995,8653
1730045,8656
1730095,8653
1730145,8653
1730195,8651
1730245,8667
1730295,8666
1730345,8675
1730395,8679
1730445,8678
1730495,8685
1730545,8699
1730595,8684
1730645,8684
1730695,8678
1730745,8658
1730795,8658
1730845,8658
1730895,8662
1730945,8664
1730995,8651
1731045,8656
1731095,8658
1731145,8668
1731195,8664
1731245,8668
1731295,8682
1731345,8679
1731395,8676
1731445,8662
1731495,8654
1731545,8658
1731595,8668
1731645,8686
1731695,8696
1731745,8695
1731795,8701
1731845,8710
1731895,8744
1731945,8739
1731995,8717
1732045,8717
1732095,8711
1732145,8808
1732195,8878
1732245,8855
1732295,8826
1732345,8808
1732395,8791
1732445,8785
1732495,8774
1732545,8772
1732595,8775
1732646,8762
1732695,8783
1732745,8774
1732795,8775
1732845,8767
1732895,8774
1732945,8782
1732995,8777
1733045,8783
1733095,8786
1733145,8793
1733195,8809
1733245,8819
1733295,8836
1733345,8837
1733395,8846
1733445,8846
1733495,8862
1733545,8860
1733596,8826
1733646,8790
1733696,8769
1733745,8784
1733795,8809
1733845,8808
1733895,8796
1733945,8802
1733995,8832
1734045,8847
1734095,8866
1734145,8867
1734195,8887
1734245,8879
1734295,8871
1734345,8866
1734395,8862
1734445,8852
1734495,8849
1734545,8828
1734595,8815
1734645,8804
1734695,8814
1734745,8818
1734795,8824
1734845,8824
1734895,8822
1734945,8832
1734995,8831
1735045,8815
1735095,8781
1735145,8748
1735195,8718
1735245,8720
1735295,8731
1735345,8735
1735395,8741
1735445,8767
1735495,8778
1735545,8786
1735595,8782
1735645,8800
1735695,8825
1735745,8840
1735795,8835
1735845,8828
1735895,8834
1735945,8840
1735995,8846
1736045,8851
1736095,8849
1736145,8857
1736195,8868
1736245,8868
1736295,8891
1736345,8893
1736395,8905
1736445,8922
1736495,8929
1736545,8951
1736595,8945
1736645,8939
1736695,8940
1736745,8946
1736795,8959
1736845,8960
1736895,8961
1736945,8957
1736995,8970
1737045,8991
1737095,8994
1737145,9000
1737195,9016
1737245,9030
1737295,9042
1737345,9031
1737395,9027
1737445,9030
1737495,9037
1737545,9040
1737595,9034
1737646,9034
1737695,9031
1737745,9045
1737795,9052
1737845,9052
1737895,9043
1737945,9055
1737995,9068
1738045,9079
1738095,9083
1738145,9077
1738195,9073
1738245,9069
1738295,9081
1738345,9072
1738395,9081
1738445,9095
1738495,9100
1738546,9106
1738596,9062
1738646,9069
1738696,9073
1738745,9114
1738795,9126
1738845,9119
1738895,9122
1738945,9131
1738995,9123
1739045,9123
1739095,9115
1739145,9095
1739195,9101
1739245,9111
1739295,9100
1739345,9085
1739395,9051
1739445,9037
1739495,9044
1739545,9056
1739595,9063
1739645,9057
1739695,9069
1739745,9071
1739795,9083
1739845,9074
1739895,9069
1739945,9061
1739995,9057
1740045,9056
1740095,9072
1740145,9066
1740195,9069
1740245,9066
1740295,9073
1740345,9081
1740395,9084
1740445,9084
1740495,9093
1740545,9088
1740595,9106
1740645,9110
1740695,9081
1740745,9066
1740795,9052
1740845,9043
1740895,9042
1740945,9024
1740995,9004
1741045,8992
1741095,8986
1741145,8972
1741195,8963
1741245,8957
1741295,8939
1741345,8946
1741395,8939
1741445,8938
1741495,8912
1741545,8887
1741595,8875
1741645,8858
1741695,8863
1741745,8849
1741795,8839
1741845,8839
1741895,8831
1741945,8816
1741995,8819
1742045,8819
1742095,8819
1742145,8825
1742195,8823
1742245,8838
1742295,8832
1742345,8837
1742395,8814
1742445,8804
1742495,8811
1742545,8814
1742595,8810
1742646,8779
1742695,8814
1742745,8835
1742795,8836
1742845,8833
1742895,8824
1742945,8799
1742995,8772
1743045,8690
1743095,8600
1743145,8573
1743195,8831
1743245,8831
1743295,8781
1743345,8679
1743395,8606
1743445,8531
1743495,8467
1743547,8467
1743596,8460
1743646,8470
1743695,8493
1743745,8502
1743795,8506
1743845,8467
1743895,8460
1743945,8467
1743995,8483
1744045,8486
1744095,8489
1744145,8523
1744195,8553
1744245,8582
1744295,8614
1744345,8645
1744395,8672
1744445,8695
1744495,8684
1744545,8674
1744595,8666
1744645,8666
1744695,8666
1744745,8660
1744795,8670
1744845,8670
1744895,8676
1744945,8682
1744995,8686
1745045,8700
1745095,8682
1745145,8700
1745195,8725
1745245,8732
1745295,8708
1745345,8683
1745395,8691
1745445,8695
1745495,8704
1745545,8715
1745595,8718
1745645,8736
1745695,8751
1745745,8758
1745795,8778
1745845,8776
1745895,8791
1745945,8803
1745995,8803
1746045,8796
1746095,8775
1746145,8761
1746195,8760
1746245,8760
1746295,8759
1746345,8748
1746395,8739
1746445,8763
1746495,8768
1746545,8769
1746595,8777
1746645,8771
1746695,8797
1746745,8796
1746795,8811
1746845,8797
1746895,8780
1746945,8777
1746995,8765
1747045,8763
1747095,8756
1747145,8756
1747195,8762
1747245,8763
1747295,8760
1747345,8768
1747395,8768
1747445,8773
1747495,8786
1747545,8784
1747595,8790
1747646,8780
1747695,8770
1747745,8748
1747795,8709
1747845,8684
1747895,8664
1747945,8663
1747995,8661
1748045,8651
1748095,8647
1748145,8657
1748195,8660
1748245,8657
1748295,8657
1748345,8647
1748395,8645
1748445,8650
1748495,8632
1748545,8611
1748597,8592
1748646,8591
1748696,8580
1748746,8591
1748795,8591
1748845,8597
1748895,8598
1748945,8598
1748995,8624
1749045,8633
1749095,8642
1749145,8655
1749195,8663
1749245,8696
1749295,8714
1749345,8720
1749395,8711
1749445,8726
1749495,8751
1749545,8765
1749595,8783
1749645,8780
1749695,8780
1749745,8812
1749795,8851
1749845,8938
1749895,9047
1749945,9121
1749995,9168
1750045,9198
1750095,9268
1750145,9299
1750195,9299
1750245,9337
1750295,9375
1750345,9392
1750395,9417
1750445,9418
1750495,9445
1750545,9451
1750595,9438
1750645,9423
1750695,9406
1750745,9389
1750795,9351
1750845,9303
1750895,9274
1750945,9245
1750995,9240
1751045,9223
1751095,9233
1751145,9239
1751195,9255
1751245,9279
1751295,9285
1751345,9308
1751395,9315
1751445,9315
1751495,9305
1751545,9304
1751595,9304
1751645,9321
1751695,9332
1751745,9333
1751795,9351
1751845,9352
1751895,9360
1751945,9338
1751995,9334
1752045,9338
1752095,9321
1752145,9328
1752195,9316
1752245,9307
1752295,9304
1752345,9316
1752395,9318
1752445,9316
1752495,9335
1752545,9349
1752595,9369
1752646,9359
1752695,9407
1752745,9419
1752795,9442
1752845,9443
1752895,9447
1752945,9433
1752995,9433
1753045,9417
1753095,9426
1753145,9470
1753195,9488
1753245,9462
1753295,9434
1753345,9433
1753395,9432
1753445,9471
1753495,9447
1753545,9430
1753597,9404
1753646,9336
1753696,9319
1753745,9305
1753795,9346
1753845,9536
1753895,9719
1753945,9806
1753995,9829
1754045,9837
1754095,9850
1754145,9841
1754195,9839
1754245,9836
1754295,9862
1754345,9849
1754395,9849
1754445,9825
1754495,9811
1754545,9823
1754595,9833
1754645,9847
1754695,9851
1754745,9847
1754795,9872
1754845,9874
1754895,9868
1754945,9862
1754995,9888
1755045,9945
1755095,9954
1755145,9942
1755195,9911
1755245,9882
1755295,9886
1755345,9871
1755395,9865
1755445,9843
1755495,9814
1755545,9818
1755595,9824
1755645,9841
1755695,9845
1755745,9845
1755795,9838
1755845,9858
1755895,9840
1755945,9852
1755995,9881
1756045,9907
1756095,9926
1756145,9920
1756195,9930
1756245,9922
1756295,9928
1756345,9927
1756395,9934
1756445,9937
1756495,9939
1756545,9921
1756595,9923
1756645,9911
1756695,9912
1756745,9909
1756795,9918
1756845,9914
1756895,9906
1756945,9946
1756995,9958
1757045,9977
1757095,10037
1757145,10037
1757195,10060
1757245,10122
1757295,10096
1757345,10070
1757395,10057
1757445,10046
1757495,10054
1757545,10038
1757595,10034
1757646,10018
1757695,10011
1757745,10012
1757795,9997
1757845,9998
1757895,9994
1757945,9966
1757995,9945
1758045,9933
1758095,9927
1758145,9922
1758195,9921
1758245,9916
1758295,9916
1758345,9928
1758395,9916
1758445,9927
1758495,9941
1758545,9941
1758596,9937
1758646,9902
1758696,9879
1758746,9871
1758795,9894
1758845,9896
1758895,9889
1758945,9877
1758995,9881
1759045,9882
1759095,9878
1759145,9880
1759195,9876
1759245,9878
1759295,9881
1759345,9886
1759395,9887
1759445,9880
1759495,9866
1759545,9851
1759595,9846
1759645,9847
1759695,9842
1759745,9823
1759795,9795
1759845,9791
1759895,9784
1759945,9784
1759995,9770
1760045,9758
1760095,9753
1760145,9751
1760195,9743
1760245,9704
1760295,9669
1760345,9625
1760395,9603
1760445,9585
1760495,9551
1760545,9541
1760595,9519
1760645,9520
1760695,9512
1760745,9510
1760795,9516
1760845,9504
1760895,9514
1760945,9501
1760995,9494
1761045,9483
1761095,9472
1761145,9477
1761195,9462
1761245,9461
1761295,9458
1761345,9458
1761395,9452
1761445,9446
1761495,9450
1761545,9466
1761595,9460
1761645,9469
1761695,9485
1761745,9476
1761795,9480
1761845,9463
1761895,9452
1761945,9443
1761995,9434
1762045,9440
1762095,9439
1762145,9436
1762195,9426
1762245,9423
1762295,9437
1762345,9429
1762395,9435
1762445,9437
1762495,9431
1762545,9432
1762595,9400
1762646,9368
1762695,9375
1762745,9375
1762795,9368
1762845,9368
1762895,9356
1762945,9365
1762995,9356
1763045,9362
1763095,9362
1763145,9371
1763195,9365
1763245,9369
1763295,9355
1763345,9332
1763395,9321
1763445,9313
1763495,9291
1763545,9304
1763596,9294
1763646,9277
1763696,9274
1763746,9271
1763795,9289
1763845,9300
1763895,9295
1763945,9297
1763995,9294
1764045,9293
1764095,9277
1764145,9277
1764195,9279
1764245,9275
1764295,9286
1764345,9282
1764395,9238
1764445,9211
1764495,9197
1764545,9179
1764595,9157
1764645,9143
1764695,9140
1764745,9129
1764795,9137
1764845,9151
1764895,9165
1764945,9167
1764995,9160
1765045,9152
1765095,9168
1765145,9175
1765195,9190
1765245,9184
1765295,9202
1765345,9201
1765395,9205
1765445,9200
1765495,9181
1765545,9181
1765595,9166
1765645,9165
1765695,9157
1765745,9164
1765795,9147
1765845,9151
1765895,9166
1765945,9087
1765995,9291
1766045,9512
1766095,9476
1766145,9498
1766195,9431
1766245,9233
1766295,9141
1766345,9105
1766395,9125
1766445,9137
1766495,8985
1766545,8807
1766595,8878
1766645,8926
1766695,8805
1766745,8867
1766795,8910
1766845,8965
1766895,8965
1766945,9013
1766995,8974
1767045,8981
1767095,8983
1767145,8997
1767195,9020
1767245,8979
1767295,8951
1767345,8947
1767395,8985
1767445,8992
1767495,9077
1767545,9048
1767595,8973
1767646,8910
1767695,8892
1767745,8860
1767795,8861
1767845,8847
1767895,8864
1767945,8895
1767995,8895
1768045,8879
1768095,8924
1768145,8922
1768195,8915
1768245,8925
1768295,8925
1768345,8895
1768395,8853
1768445,8811
1768495,8770
1768545,8678
1768596,8615
1768646,8589
1768696,8592
1768746,8585
1768795,8492
1768845,8405
1768895,8388
1768945,8315
1768995,8243
1769045,8399
1769095,8492
1769145,8507
1769195,8491
1769245,8499
1769295,8482
1769345,8499
1769395,8529
1769445,8523
1769495,8523
1769545,8512
1769595,8520
1769645,8549
1769695,8549
1769745,8563
1769795,8568
1769845,8558
1769895,8554
1769945,8543
1769995,8541
1770045,8550
1770095,8548
1770145,8568
1770195,8576
1770245,8573
1770295,8586
1770345,8581
1770395,8583
1770445,8577
1770495,8566
1770545,8566
1770595,8567
1770645,8570
1770695,8565
1770745,8575
1770795,8587
1770845,8599
1770895,8600
1770945,8590
1770995,8577
1771045,8568
1771095,8568
1771145,8555
1771195,8556
1771245,8547
1771295,8526
1771345,8496
1771395,8455
1771445,8444
1771495,8461
1771545,8469
1771595,8467
1771645,8471
1771695,8475
1771745,8477
1771795,8468
1771845,8449
1771895,8434
1771945,8430
1771995,8406
1772045,8385
1772095,8339
1772145,8318
1772195,8320
1772245,8289
1772295,8285
1772345,8254
1772395,8240
1772445,8244
1772495,8244
1772545,8218
1772595,8210
1772646,8199
1772695,8180
1772745,8160
1772795,8137
1772845,8119
1772895,8102
1772945,8092
1772995,8088
1773045,8068
1773095,8058
1773145,8049
1773195,8050
1773245,8041
1773295,8034
1773345,8036
1773395,8030
1773445,8032
1773495,8025
1773545,8012
1773596,8015
1773646,7997
1773696,8005
1773746,8014
1773795,8024
1773845,8030
1773895,8030
1773945,8045
1773995,8059
1774045,8066
1774095,8087
1774145,8101
1774195,8107
1774245,8109
1774295,8105
1774345,8107
1774395,8109
1774445,8127
1774495,8144
1774545,8145
1774595,8170
1774645,8173
1774695,8189
1774745,8226
1774795,8231
1774845,8236
1774895,8221
1774945,8216
1774995,8232
1775045,8229
1775095,8217
1775145,8212
1775195,8191
1775245,8169
1775295,8169
1775345,8156
1775395,8150
1775445,8128
1775495,8116
1775545,8039
1775595,8025
1775645,8029
1775695,8017
1775745,8004
1775795,8013
1775845,8027
1775895,8003
1775945,8005
1775995,8006
1776045,8015
1776095,8005
1776145,8016
1776195,8020
1776245,8012
1776295,7975
1776345,7912
1776395,7878
1776445,7836
1776495,7817
1776545,7802
1776595,7790
1776645,7790
1776695,7787
1776745,7762
1776795,7768
1776845,7756
1776895,7752
1776945,7741
1776995,7732
1777045,7730
1777095,7728
1777145,7738
1777195,7727
1777245,7726
1777295,7738
1777345,7747
1777395,7752
1777445,7756
1777495,7755
1777545,7768
1777595,7764
1777646,7727
1777695,7734
1777745,7743
1777795,7735
1777845,7734
1777895,7744
1777945,7740
1777995,7761
1778045,7761
1778095,7792
1778145,7732
1778195,7746
1778245,7735
1778295,7735
1778345,7736
1778395,7729
1778445,7737
1778495,7763
1778545,7869
1778596,7937
1778645,8020
1778696,8068
1778745,8043
1778795,8019
1778845,7987
1778895,7967
1778945,7951
1778995,7843
1779045,7721
1779095,7624
1779145,7576
1779195,7529
1779245,7508
1779295,7512
1779345,7504
1779395,7503
1779445,7503
1779495,7519
1779545,7526
1779595,7498
1779645,7456
1779695,7394
1779745,7215
1779795,7222
1779845,7164
1779895,7122
1779945,7112
1779995,7105
1780045,7109
1780095,7114
1780145,7118
1780195,7122
1780245,7151
1780295,7158
1780345,7197
1780395,7202
1780445,7218
1780495,7264
1780545,7259
1780595,7245
1780645,7242
1780695,7253
1780745,7258
1780795,7281
1780845,7281
1780895,7276
1780945,7319
1780995,7360
1781045,7402
1781095,7433
1781145,7461
1781195,7518
1781245,7616
1781295,7755
1781345,7872
1781395,7954
1781445,8029
1781495,8136
1781545,8358
1781595,8571
1781645,8838
1781695,9049
1781745,9157
1781795,9241
1781845,9335
1781895,9431
1781945,9495
1781995,9554
1782045,9647
1782095,9714
1782145,9777
1782195,9858
1782245,9858
1782295,9905
1782345,9971
1782395,10062
1782445,10126
1782495,10196
1782545,10244
1782595,10294
1782646,10348
1782695,10378
1782745,10412
1782795,10422
1782845,10420
1782895,10416
1782945,10415
1782995,10420
1783045,10425
1783095,10428
1783145,10406
1783195,10409
1783245,10428
1783295,10413
1783345,10415
1783395,10397
1783445,10383
1783495,10390
1783545,10366
1783595,10352
1783646,10352
1783696,10278
1783745,10270
1783796,10258
1783845,10310
1783895,10309
1783945,10309
1783995,10324
1784045,10339
1784095,10335
1784145,10341
1784195,10353
1784245,10374
1784295,10398
1784345,10410
1784395,10401
1784447,10396
1784495,10394
1784545,10404
1784595,10402
1784645,10400
1784695,10388
1784745,10372
1784795,10359
1784845,10354
1784895,10348
1784945,10325
1784995,10325
1785045,10325
1785095,10307
1785145,10285
1785195,10265
1785245,10233
1785295,10221
1785345,10193
1785395,10187
1785445,10165
1785495,10148
1785545,10137
1785595,10138
1785645,10133
1785695,10118
1785745,10111
1785795,10105
1785845,10090
1785906,10074
1785947,10007
1786011,10024
1786047,9985
1786095,9993
1786145,9972
1786195,9969
1786246,9957
1786295,9951
1786346,9939
1786395,9953
1786445,9953
1786496,9943
1786546,9935
1786595,9931
1786645,9916
1786696,9890
1786747,9872
1786795,9867
1786847,9860
1786895,9849
1786946,9850
1786997,9838
1787047,9839
1787097,9828
1787145,9829
1787196,9826
1787247,9819
1787295,9826
1787347,9799
1787395,9773
1787446,9763
1787495,9748
1787545,9747
1787595,9738
1787646,9673
1787695,9746
1787745,9749
1787795,9749
1787845,9755
1787895,9762
1787945,9766
1787995,9769
1788045,9772
1788095,9780
1788145,9745
1788195,9747
1788245,9739
1788295,9746
1788345,9760
1788395,9772
1788445,9784
1788495,9784
1788545,9799
1788597,9812
1788646,9815
1788696,9799
1788746,9823
1788796,9843
1788845,9870
1788895,9867
1788945,9861
1788995,9854
1789045,9856
1789095,9848
1789145,9845
1789195,9845
1789245,9847
1789295,9847
1789345,9855
1789395,9861
1789445,9861
1789495,9864
1789545,9866
1789595,9867
1789645,9857
1789695,9845
1789745,9843
1789795,9844
1789845,9855
1789895,9860
1789945,9870
1789995,9864
1790045,9867
1790095,9878
1790145,9878
1790195,9881
1790245,9883
1790295,9889
1790345,9891
1790395,9871
1790445,9866
1790495,9854
1790545,9847
1790595,9847
1790645,9852
1790695,9850
1790745,9862
1790795,9856
1790845,9877
1790895,9878
1790945,9880
1790995,9895
1791045,9897
1791095,9897
1791146,9881
1791195,9869
1791245,9853
1791295,9837
1791345,9820
1791395,9811
1791445,9803
1791495,9805
1791545,9805
1791595,9810
1791645,9812
1791695,9816
1791745,9827
1791795,9818
1791845,9824
1791895,9824
1791945,9809
1791995,9809
1792045,9781
1792095,9764
1792145,9761
1792195,9751
1792245,9750
1792295,9732
1792345,9721
1792395,9722
1792445,9696
1792495,9705
1792545,9700
1792595,9691
1792646,9653
1792695,9684
1792745,9677
1792795,9639
1792845,9603
1792895,9575
1792945,9568
1792995,9559
1793045,9540
1793095,9539
1793145,9528
1793195,9521
1793245,9533
1793295,9545
1793345,9551
1793395,9551
1793445,9563
1793495,9553
1793545,9573
1793595,9586
1793646,9563
1793696,9488
1793746,9495
1793795,9499
1793845,9530
1793895,9573
1793945,9558
1793995,9559
1794045,9570
1794095,9575
1794145,9585
1794195,9583
1794245,9583
1794295,9607
1794345,9606
1794395,9606
1794445,9578
1794495,9567
1794545,9568
1794595,9563
1794645,9584
1794695,9578
1794745,9601
1794795,9601
1794845,9616
1794895,9620
1794945,9642
1794995,9653
1795045,9687
1795095,9689
1795145,9696
1795195,9748
1795245,9924
1795295,9913
1795345,9987
1795395,10062
1795445,10092
1795495,10053
1795545,10033
1795595,10019
1795645,10022
1795695,10020
1795745,10027
1795795,10058
1795845,10090
1795895,10140
1795945,10159
1795995,10158
1796045,10180
1796095,10205
1796145,10461
1796195,10247
1796245,10270
1796295,10266
1796345,10278
1796395,10286
1796445,10311
1796495,10323
1796545,10344
1796595,10349
1796645,10337
1796695,10311
1796745,10254
1796795,10206
1796845,10157
1796895,10122
1796945,10091
1796995,10046
1797045,10044
1797095,10042
1797145,10032
1797195,10041
1797245,10053
1797295,10066
1797345,10080
1797395,10067
1797445,10036
1797495,9991
1797545,9991
1797595,9980
1797646,9956
1797695,9935
1797745,9932
1797795,9930
1797845,9933
1797895,9928
1797945,9925
1797995,9936
1798045,9933
1798095,9946
1798145,9955
1798195,9963
1798245,9953
1798295,9930
1798345,9923
1798395,9926
1798445,9936
1798495,9949
1798545,9953
1798595,9961
1798645,9967
1798696,9935
1798745,9954
1798796,9970
1798845,10051
1798895,10060
1798945,10060
1798995,10050
1799045,10032
1799095,10018
1799145,10021
1799195,10028
1799245,10041
1799295,10044
1799345,10053
1799395,10070
1799445,10080
1799495,10091
1799545,10124
1799595,10138
1799645,10149
1799695,10167
1799745,10198
1799795,10198
1799845,10179
1799895,10170
1799945,10165
1799995,10175
1800045,10174
1800095,10190
1800145,10193
1800195,10203
1800245,10219
1800295,10222
1800345,10222
1800395,10242
1800445,10258
1800495,10275
1800545,10307
1800595,10318
1800645,10332
1800695,10308
1800745,10287
1800795,10273
1800845,10257
1800895,10265
1800945,10253
1800995,10253
1801045,10252
1801095,10247
1801145,10261
1801195,10248
1801245,10259
1801295,10266
1801345,10285
1801395,10297
1801445,10312
1801495,10328
