file,RMSSD,pNN58,SDNN,SD1,SD2,SD1_SD2,SampEn,emotion
13.csv_seg1,64.7535788511027,25.97402597402597,39.42143178588626,45.78490892174157,31.80944330110788,1.4393495820829703,0.927334756827044,何怡 愉悦 9
13.csv_seg2,75.47538834994718,34.24657534246575,53.392547807926306,53.359466723908156,53.425608408173794,0.9987619853804881,1.0190373078506212,何怡 愉悦 9
