file,RMSSD,pNN58,SDNN,SD1,SD2,SD1_SD2,SampEn,emotion
72.csv_seg1,75.1343668165446,32.69230769230769,75.72709480921496,53.085107716219284,93.01159667076497,0.5707364416517406,2.6108864526485625,张恬 愉悦 5
72.csv_seg2,75.34267395386574,38.88888888888889,65.33494122944128,53.27531566550553,75.49205144682341,0.7057076161592013,2.4856373768939535,张恬 愉悦 5
72.csv_seg3,60.447018994017874,19.298245614035086,39.481779972390605,42.73781435243581,35.93189563539974,1.1894116243154995,1.0093811549401672,张恬 愉悦 5
72.csv_seg4,75.85102081376733,32.075471698113205,63.48010137389709,53.59489011417986,72.02106840730349,0.7441557213659015,1.942041672277393,张恬 愉悦 5
72.csv_seg5,72.96693139308434,26.923076923076923,57.28257307872608,51.5907509571195,62.45783195660621,0.826009314459765,1.5340141506168585,张恬 愉悦 5
76.csv_seg1,61.066084422260666,21.666666666666668,59.70904408341496,43.17589347978543,72.56846500328227,0.5949677105314627,1.2297734502706694,张恬 愉悦 8
76.csv_seg2,76.71948455473894,36.206896551724135,59.33303563340713,54.24557851426424,64.01746204437595,0.8473559679179724,1.3473817237556895,张恬 愉悦 8
76.csv_seg3,77.81482854176065,34.42622950819672,63.76122167697916,55.023392938747456,71.43817613146315,0.7702239323340421,1.473020797232824,张恬 愉悦 8
76.csv_seg4,79.78806673444556,38.983050847457626,70.58180132276381,56.41524087044701,82.34623217525895,0.6850980230689542,1.2814182242557441,张恬 愉悦 8
