file,RMSSD,pNN58,SDNN,SD1,SD2,SD1_SD2,SampEn,emotion
55.csv_seg1,71.2078066235573,29.310344827586203,46.36625216218693,50.34753181211506,42.009340860849875,1.1984842128060111,1.0672419777599693,曾玲 愉悦 8
55.csv_seg2,65.33798071671585,24.137931034482758,44.17571576373011,46.200927625280265,42.053085654198554,1.098633474965174,1.1233049012584813,曾玲 愉悦 8
55.csv_seg3,49.091598819216166,8.955223880597014,36.80683924594121,34.71300082001052,38.78781257847709,0.894946080029075,1.1336862715977643,曾玲 愉悦 8
55.csv_seg4,52.94249420180062,13.846153846153847,43.630374249020115,37.4325049393639,49.05126591825751,0.7631302523719585,1.1546856222536284,曾玲 愉悦 8
55.csv_seg5,52.9904177658565,14.0625,40.861809798392436,37.46988211123285,43.99298733400941,0.8517239765226449,1.1757509056494913,曾玲 愉悦 8
54.csv_seg1,70.36439545784606,24.074074074074073,51.35383953529508,49.75048165837246,52.908631099222525,0.9403093715479538,1.126011262856224,曾玲 愉悦 7
65.csv_seg1,43.01727227853615,2.857142857142857,36.859699192305996,30.417804936300993,42.33239884475849,0.7185466868496933,0.9846099758516322,曾玲 悲伤 5
71.csv_seg1,81.68559871260685,31.48148148148148,67.86934367921802,57.69556859167433,76.7053908651734,0.7521709744375984,1.2335853931423642,曾玲 悲伤 8
71.csv_seg2,65.05472809149865,17.647058823529413,76.727178722739,46.00063938174568,98.27543480429304,0.468078716449863,1.377926111449374,曾玲 悲伤 8
