file,RMSSD,pNN58,SDNN,SD1,SD2,SD1_SD2,SampEn,emotion
32.csv_seg1,69.26274702175766,28.125,45.69583279266705,48.96293515052675,42.17640632718822,1.1609081810026978,1.0277265057224017,潘文如 焦虑 7
