file,RMSSD,pNN58,SDNN,SD1,SD2,SD1_SD2,SampEn,emotion
181.csv_seg1,48.11383560339571,8.823529411764707,42.83464608667666,33.952796461311586,50.16793221968029,0.6767828562802974,0.6573352849271674,邬静怡 愉悦 6
202.csv_seg1,57.93055456788216,16.94915254237288,39.06095482819635,40.963086219598985,37.061326899431045,1.1052784572650538,0.9768433516745023,邬静怡 焦虑 7
202.csv_seg2,58.94531363899933,18.333333333333332,36.14884983318688,41.675950632362444,29.60732725886412,1.4076228586248056,0.8837317626333056,邬静怡 焦虑 7
