file,RMSSD,pNN58,SDNN,SD1,SD2,SD1_SD2,SampEn,emotion
233.csv_seg1,51.92571050803933,13.23529411764706,44.71594538334174,36.71256744129301,51.489988686350614,0.7130039912210172,0.7410327765989505,高海馨 愉悦 7
262.csv_seg1,52.732498688289446,14.925373134328357,39.03306718189064,37.28346856572466,40.70753786414251,0.915886111563776,0.8983212856596363,高海馨 焦虑 10
262.csv_seg2,60.660942953435864,23.52941176470588,44.45392357709412,42.88629021503615,45.96812759280004,0.9329570826755494,0.9015130255735558,高海馨 焦虑 10
262.csv_seg3,59.43891885479467,23.88059701492537,49.20883272963115,42.015328329766184,55.477298263051544,0.7573427265788253,0.9654809760649268,高海馨 焦虑 10
